post_id	date	section	label	url	link	review_status
2282	2024-12-22 09:00:00	1	вот такие аккумуляторы OISLE	https://exler.es/aliexpress/delimsya-nahodkami-iz-kitajskih-magazinov-203.htm	https://s.click.aliexpress.com/e/_oD5kQTp	unreviewed_link_not_product
2282	2024-12-22 09:00:00	3	угловой адаптер для зарядки под порт Type-C	https://exler.es/aliexpress/delimsya-nahodkami-iz-kitajskih-magazinov-203.htm	https://s.click.aliexpress.com/e/_oklqxEF	unreviewed_link_not_product
2282	2024-12-22 09:00:00	4	наплечная сумка из натуральной кожи	https://exler.es/aliexpress/delimsya-nahodkami-iz-kitajskih-magazinov-203.htm	https://s.click.aliexpress.com/e/_oBQcXpv	unreviewed_link_not_product
2282	2024-12-22 09:00:00	5	"беспроводное зарядное устройство ""4 в 1"""	https://exler.es/aliexpress/delimsya-nahodkami-iz-kitajskih-magazinov-203.htm	https://s.click.aliexpress.com/e/_oDkqw5d	unreviewed_link_not_product
2282	2024-12-22 09:00:00	6	симпатичный ночничок с таймером	https://exler.es/aliexpress/delimsya-nahodkami-iz-kitajskih-magazinov-203.htm	https://s.click.aliexpress.com/e/_oDrPkuF	unreviewed_link_not_product
2282	2024-12-22 09:00:00	7	MOVESPEED E20 20000 мАч PD 65 Вт	https://exler.es/aliexpress/delimsya-nahodkami-iz-kitajskih-magazinov-203.htm	https://s.click.aliexpress.com/e/_oB5YPzh	unreviewed_link_not_product
2282	2024-12-22 09:00:00	8	USB-хабов Orico	https://exler.es/aliexpress/delimsya-nahodkami-iz-kitajskih-magazinov-203.htm	https://s.click.aliexpress.com/e/_opwH6s7	unreviewed_link_not_product
2282	2024-12-22 09:00:00	9	дозатор жидкого мыла	https://exler.es/aliexpress/delimsya-nahodkami-iz-kitajskih-magazinov-203.htm	https://s.click.aliexpress.com/e/_oninH1p	unreviewed_link_not_product
2282	2024-12-22 09:00:00	10	Bluetooth-адаптеры	https://exler.es/aliexpress/delimsya-nahodkami-iz-kitajskih-magazinov-203.htm	https://s.click.aliexpress.com/e/_oFdthDh	unreviewed_link_not_product
2322	2024-12-15 09:34:00	0	компактный насос	https://exler.es/aliexpress/delimsya-nahodkami-iz-kitajskih-magazinov-202.htm	https://s.click.aliexpress.com/e/_olARah1	unreviewed_link_not_product
2322	2024-12-15 09:34:00	1	Лента-липучка	https://exler.es/aliexpress/delimsya-nahodkami-iz-kitajskih-magazinov-202.htm	https://s.click.aliexpress.com/e/_okO8snl	unreviewed_link_not_product
2322	2024-12-15 09:34:00	2	Яркие флешки	https://exler.es/aliexpress/delimsya-nahodkami-iz-kitajskih-magazinov-202.htm	https://s.click.aliexpress.com/e/_onNPpRh	unreviewed_link_not_product
2322	2024-12-15 09:34:00	3	вот такой переходничок с USB-A	https://exler.es/aliexpress/delimsya-nahodkami-iz-kitajskih-magazinov-202.htm	https://s.click.aliexpress.com/e/_oCTSIEP	unreviewed_link_not_product
2322	2024-12-15 09:34:00	4	адаптер Ugreen	https://exler.es/aliexpress/delimsya-nahodkami-iz-kitajskih-magazinov-202.htm	https://s.click.aliexpress.com/e/_onlm6kR	unreviewed_link_not_product
2322	2024-12-15 09:34:00	5	аккумулятора от Baseus	https://exler.es/aliexpress/delimsya-nahodkami-iz-kitajskih-magazinov-202.htm	https://s.click.aliexpress.com/e/_oE9MYHt	unreviewed_link_not_product
2322	2024-12-15 09:34:00	6	"устройство ""3 в 1"""	https://exler.es/aliexpress/delimsya-nahodkami-iz-kitajskih-magazinov-202.htm	https://s.click.aliexpress.com/e/_oFsRTIL	unreviewed_link_not_product
2322	2024-12-15 09:34:00	7	зарядный кабель	https://exler.es/aliexpress/delimsya-nahodkami-iz-kitajskih-magazinov-202.htm	https://s.click.aliexpress.com/e/_om6TUaf	unreviewed_link_not_product
2322	2024-12-15 09:34:00	8	шапочки без козырька	https://exler.es/aliexpress/delimsya-nahodkami-iz-kitajskih-magazinov-202.htm	https://s.click.aliexpress.com/e/_opNs6Z9	unreviewed_link_not_product
2322	2024-12-15 09:34:00	9	компактный ирригатор	https://exler.es/aliexpress/delimsya-nahodkami-iz-kitajskih-magazinov-202.htm	https://s.click.aliexpress.com/e/_on5v3Yf	unreviewed_link_not_product
2364	2024-12-08 09:00:00	0	симпатичная керамическая кружка	https://exler.es/aliexpress/delimsya-nahodkami-iz-kitajskih-magazinov-201.htm	https://s.click.aliexpress.com/e/_DkPEhaD	unreviewed_link_not_product
2364	2024-12-08 09:00:00	1	конденсаторный микрофон	https://exler.es/aliexpress/delimsya-nahodkami-iz-kitajskih-magazinov-201.htm	https://s.click.aliexpress.com/e/_De3h3xL	unreviewed_link_not_product
2364	2024-12-08 09:00:00	2	четырехпортовый хаб	https://exler.es/aliexpress/delimsya-nahodkami-iz-kitajskih-magazinov-201.htm	https://s.click.aliexpress.com/e/_Dkjc6cZ	unreviewed_link_not_product
2364	2024-12-08 09:00:00	3	набор для вина	https://exler.es/aliexpress/delimsya-nahodkami-iz-kitajskih-magazinov-201.htm	https://s.click.aliexpress.com/e/_DeXxjEv	unreviewed_link_not_product
2364	2024-12-08 09:00:00	4	наушники-каффы	https://exler.es/aliexpress/delimsya-nahodkami-iz-kitajskih-magazinov-201.htm	https://s.click.aliexpress.com/e/_DmTTBWp	unreviewed_link_not_product
2364	2024-12-08 09:00:00	5	HcanKcan на плечо	https://exler.es/aliexpress/delimsya-nahodkami-iz-kitajskih-magazinov-201.htm	https://s.click.aliexpress.com/e/_DFJfU8D	unreviewed_link_not_product
2364	2024-12-08 09:00:00	6	увлажнитель воздуха	https://exler.es/aliexpress/delimsya-nahodkami-iz-kitajskih-magazinov-201.htm	https://s.click.aliexpress.com/e/_DdaSbE1	unreviewed_link_not_product
2364	2024-12-08 09:00:00	7	"макет ""Титаника"""	https://exler.es/aliexpress/delimsya-nahodkami-iz-kitajskih-magazinov-201.htm	https://s.click.aliexpress.com/e/_DkD0etj	unreviewed_link_not_product
2364	2024-12-08 09:00:00	8	Две электрических мельнички	https://exler.es/aliexpress/delimsya-nahodkami-iz-kitajskih-magazinov-201.htm	https://s.click.aliexpress.com/e/_DEuEVuH	unreviewed_link_not_product
2364	2024-12-08 09:00:00	9	мужская сумка	https://exler.es/aliexpress/delimsya-nahodkami-iz-kitajskih-magazinov-201.htm	https://s.click.aliexpress.com/e/_DdAcGId	unreviewed_link_not_product
2411	2024-12-01 11:01:00	0	Black Fridays	https://exler.es/aliexpress/rasprodazha-black-fridays.htm	https://s.click.aliexpress.com/e/_DDtxJs5	unreviewed_link_not_product
2411	2024-12-01 11:01:00	1	Xiaomi Redmi Pro	https://exler.es/aliexpress/rasprodazha-black-fridays.htm	https://s.click.aliexpress.com/e/_DCjrUXP	unreviewed_link_not_product
2411	2024-12-01 11:01:00	2	Xiaomi Mijia S500	https://exler.es/aliexpress/rasprodazha-black-fridays.htm	https://s.click.aliexpress.com/e/_DkOaMlF	unreviewed_link_not_product
2411	2024-12-01 11:01:00	2	совсем низкая цена	https://exler.es/aliexpress/rasprodazha-black-fridays.htm	https://alli.pub/73mb9c?erid=2SDnjcmjT6B	unreviewed_link_not_product
2411	2024-12-01 11:01:00	2	модель S700	https://exler.es/aliexpress/rasprodazha-black-fridays.htm	https://s.click.aliexpress.com/e/_DD1UssZ	unreviewed_link_not_product
2411	2024-12-01 11:01:00	3	стальная кружка с автоперемешиванием	https://exler.es/aliexpress/rasprodazha-black-fridays.htm	https://s.click.aliexpress.com/e/_DCNvxcN	unreviewed_link_not_product
2411	2024-12-01 11:01:00	4	HAYLOU Solar Plus RT3	https://exler.es/aliexpress/rasprodazha-black-fridays.htm	https://s.click.aliexpress.com/e/_DFUilZB	unreviewed_link_not_product
2411	2024-12-01 11:01:00	5	держатель для смартфона в машину	https://exler.es/aliexpress/rasprodazha-black-fridays.htm	https://s.click.aliexpress.com/e/_DC4znit	unreviewed_link_not_product
2411	2024-12-01 11:01:00	6	рождественско-новогодние чехлы для бутылок	https://exler.es/aliexpress/rasprodazha-black-fridays.htm	https://s.click.aliexpress.com/e/_DEerdpn	unreviewed_link_not_product
2411	2024-12-01 11:01:00	6	вот тут есть более разнообразные варианты	https://exler.es/aliexpress/rasprodazha-black-fridays.htm	https://s.click.aliexpress.com/e/_DCBQJIv	unreviewed_link_not_product
2411	2024-12-01 11:01:00	7	специальный кабель	https://exler.es/aliexpress/rasprodazha-black-fridays.htm	https://s.click.aliexpress.com/e/_DmFJ4Qz	unreviewed_link_not_product
2411	2024-12-01 11:01:00	8	переходником SATA - USB 3.0	https://exler.es/aliexpress/rasprodazha-black-fridays.htm	https://s.click.aliexpress.com/e/_DmYb8nP	unreviewed_link_not_product
2411	2024-12-01 11:01:00	9	ILIFE V9 Pro	https://exler.es/aliexpress/rasprodazha-black-fridays.htm	https://s.click.aliexpress.com/e/_Dlgjeez	unreviewed_link_not_product
2411	2024-12-01 11:01:00	10	вариант от хорошего производителя Movespeed	https://exler.es/aliexpress/rasprodazha-black-fridays.htm	https://s.click.aliexpress.com/e/_DdvP7et	unreviewed_link_not_product
2411	2024-12-01 11:01:00	10	GaN-адаптер	https://exler.es/aliexpress/rasprodazha-black-fridays.htm	https://s.click.aliexpress.com/e/_DnbuEtr	unreviewed_link_not_product
2517	2024-11-10 09:00:00	0	популярные бренды	https://exler.es/aliexpress/delimsya-nahodkami-iz-kitajskih-magazinov-200.htm	https://alli.pub/72w6tu?erid=2SDnjcyhMes	unreviewed_link_not_product
2517	2024-11-10 09:00:00	1	CMF Phone 1	https://exler.es/aliexpress/delimsya-nahodkami-iz-kitajskih-magazinov-200.htm	https://s.click.aliexpress.com/e/_DmVOyCl	unreviewed_link_not_product
2517	2024-11-10 09:00:00	2	наплечная мужская сумка	https://exler.es/aliexpress/delimsya-nahodkami-iz-kitajskih-magazinov-200.htm	https://s.click.aliexpress.com/e/_DBPTD8t	unreviewed_link_not_product
2517	2024-11-10 09:00:00	3	11-дюймовый планшет Redmi Pad SE	https://exler.es/aliexpress/delimsya-nahodkami-iz-kitajskih-magazinov-200.htm	https://s.click.aliexpress.com/e/_DBeN37n	unreviewed_link_not_product
2517	2024-11-10 09:00:00	4	Дешевая электробритва	https://exler.es/aliexpress/delimsya-nahodkami-iz-kitajskih-magazinov-200.htm	https://s.click.aliexpress.com/e/_DDKxS9B	unreviewed_link_not_product
2517	2024-11-10 09:00:00	5	мощный GaN адаптер для зарядки	https://exler.es/aliexpress/delimsya-nahodkami-iz-kitajskih-magazinov-200.htm	https://s.click.aliexpress.com/e/_DdPb16H	unreviewed_link_not_product
2517	2024-11-10 09:00:00	6	зарядный адаптер для машины от Baseus	https://exler.es/aliexpress/delimsya-nahodkami-iz-kitajskih-magazinov-200.htm	https://s.click.aliexpress.com/e/_DliApgZ	unreviewed_link_not_product
2517	2024-11-10 09:00:00	7	металлических бокалов в старинном стиле	https://exler.es/aliexpress/delimsya-nahodkami-iz-kitajskih-magazinov-200.htm	https://s.click.aliexpress.com/e/_Dd6ywSv	unreviewed_link_not_product
2517	2024-11-10 09:00:00	7	Winter is coming	https://exler.es/aliexpress/delimsya-nahodkami-iz-kitajskih-magazinov-200.htm	https://s.click.aliexpress.com/e/_DCDBAc5	unreviewed_link_not_product
2517	2024-11-10 09:00:00	8	Компактный внешний аккумулятор на 5000 мАч	https://exler.es/aliexpress/delimsya-nahodkami-iz-kitajskih-magazinov-200.htm	https://s.click.aliexpress.com/e/_DC66O3L	unreviewed_link_not_product
2517	2024-11-10 09:00:00	9	колечки с крутящейся внешней частью	https://exler.es/aliexpress/delimsya-nahodkami-iz-kitajskih-magazinov-200.htm	https://s.click.aliexpress.com/e/_Dlp6nid	unreviewed_link_not_product
2517	2024-11-10 09:00:00	10	FIFINE Mini Gooseneck	https://exler.es/aliexpress/delimsya-nahodkami-iz-kitajskih-magazinov-200.htm	https://s.click.aliexpress.com/e/_DDGGDXX	unreviewed_link_not_product
2552	2024-11-03 10:00:00	0	GaN-адаптер	https://exler.es/aliexpress/delimsya-nahodkami-iz-kitajskih-magazinov-199.htm	https://s.click.aliexpress.com/e/_DnbuEtr	unreviewed_link_not_product
2552	2024-11-03 10:00:00	1	настольная лампа Xiaomi Mijia	https://exler.es/aliexpress/delimsya-nahodkami-iz-kitajskih-magazinov-199.htm	https://s.click.aliexpress.com/e/_DcjFoc9	unreviewed_link_not_product
2552	2024-11-03 10:00:00	2	удлинители такого рода	https://exler.es/aliexpress/delimsya-nahodkami-iz-kitajskih-magazinov-199.htm	https://s.click.aliexpress.com/e/_DnSluvb	unreviewed_link_not_product
2552	2024-11-03 10:00:00	2	вот такие органайзеры на магнитах	https://exler.es/aliexpress/delimsya-nahodkami-iz-kitajskih-magazinov-199.htm	https://s.click.aliexpress.com/e/_De8oD5f	unreviewed_link_not_product
2552	2024-11-03 10:00:00	3	INKBIRD INT-11P-B	https://exler.es/aliexpress/delimsya-nahodkami-iz-kitajskih-magazinov-199.htm	https://s.click.aliexpress.com/e/_DDRdn0N	unreviewed_link_not_product
2552	2024-11-03 10:00:00	4	детектор скрытых камер	https://exler.es/aliexpress/delimsya-nahodkami-iz-kitajskih-magazinov-199.htm	https://s.click.aliexpress.com/e/_DndgEwN	unreviewed_link_not_product
2552	2024-11-03 10:00:00	5	несколько видов таких тестеров	https://exler.es/aliexpress/delimsya-nahodkami-iz-kitajskih-magazinov-199.htm	https://s.click.aliexpress.com/e/_DeDYEe5	unreviewed_link_not_product
2552	2024-11-03 10:00:00	6	"брелок с ""вечным"" календарем"	https://exler.es/aliexpress/delimsya-nahodkami-iz-kitajskih-magazinov-199.htm	https://s.click.aliexpress.com/e/_DeBj8kp	unreviewed_link_not_product
2552	2024-11-03 10:00:00	7	Вместительный рюкзак с расширяемым объемом от Tigernu	https://exler.es/aliexpress/delimsya-nahodkami-iz-kitajskih-magazinov-199.htm	https://s.click.aliexpress.com/e/_DD9X1xx	unreviewed_link_not_product
2552	2024-11-03 10:00:00	8	сверхкомпактная складная беспроводная клавиатура/подставка с тачпэдом	https://exler.es/aliexpress/delimsya-nahodkami-iz-kitajskih-magazinov-199.htm	https://s.click.aliexpress.com/e/_DeyyMsp	unreviewed_link_not_product
2552	2024-11-03 10:00:00	9	ссылка на Aliexpress	https://exler.es/aliexpress/delimsya-nahodkami-iz-kitajskih-magazinov-199.htm	https://www.aliexpress.com/item/1005007783907979.html	unreviewed_link_not_product
2633	2024-10-20 09:00:00	0	всего за €204	https://exler.es/aliexpress/delimsya-nahodkami-iz-kitajskih-magazinov-198.htm	https://s.click.aliexpress.com/e/_DEsKvNj	unreviewed_link_not_product
2633	2024-10-20 09:00:00	1	эластичных ремней без пряжки	https://exler.es/aliexpress/delimsya-nahodkami-iz-kitajskih-magazinov-198.htm	https://s.click.aliexpress.com/e/_DElcKR3	unreviewed_link_not_product
2633	2024-10-20 09:00:00	2	многофункциональной складной табуретки	https://exler.es/aliexpress/delimsya-nahodkami-iz-kitajskih-magazinov-198.htm	https://s.click.aliexpress.com/e/_DBkqrel	unreviewed_link_not_product
2633	2024-10-20 09:00:00	3	GaN-адаптер	https://exler.es/aliexpress/delimsya-nahodkami-iz-kitajskih-magazinov-198.htm	https://s.click.aliexpress.com/e/_DnbuEtr	unreviewed_link_not_product
2633	2024-10-20 09:00:00	4	Бесконтактные термометры	https://exler.es/aliexpress/delimsya-nahodkami-iz-kitajskih-magazinov-198.htm	https://s.click.aliexpress.com/e/_DCXfD1j	unreviewed_link_not_product
2633	2024-10-20 09:00:00	5	Xiaomi Mijia ZSH	https://exler.es/aliexpress/delimsya-nahodkami-iz-kitajskih-magazinov-198.htm	https://s.click.aliexpress.com/e/_Dk1zTUp	unreviewed_link_not_product
2633	2024-10-20 09:00:00	6	набор из 100 штук этих губок	https://exler.es/aliexpress/delimsya-nahodkami-iz-kitajskih-magazinov-198.htm	https://s.click.aliexpress.com/e/_DmOTjDx	unreviewed_link_not_product
2633	2024-10-20 09:00:00	7	настольная лампа Xiaomi Mijia	https://exler.es/aliexpress/delimsya-nahodkami-iz-kitajskih-magazinov-198.htm	https://s.click.aliexpress.com/e/_DcjFoc9	unreviewed_link_not_product
2633	2024-10-20 09:00:00	8	Удобный кожаный кошелек	https://exler.es/aliexpress/delimsya-nahodkami-iz-kitajskih-magazinov-198.htm	https://s.click.aliexpress.com/e/_DnBSApB	unreviewed_link_not_product
2633	2024-10-20 09:00:00	9	UGREEN Car Phone Holder	https://exler.es/aliexpress/delimsya-nahodkami-iz-kitajskih-magazinov-198.htm	https://s.click.aliexpress.com/e/_DFbkZa9	unreviewed_link_not_product
2664	2024-10-13 09:00:00	0	Anker Soundcore Motion	https://exler.es/aliexpress/delimsya-nahodkami-iz-kitajskih-magazinov-197.htm	https://s.click.aliexpress.com/e/_Dds5S1n	unreviewed_link_not_product
2664	2024-10-13 09:00:00	1	мышка с прозрачной верхней крышкой	https://exler.es/aliexpress/delimsya-nahodkami-iz-kitajskih-magazinov-197.htm	https://s.click.aliexpress.com/e/_DeuWHOd	unreviewed_link_not_product
2664	2024-10-13 09:00:00	2	Подставка-держатель для смартфона	https://exler.es/aliexpress/delimsya-nahodkami-iz-kitajskih-magazinov-197.htm	https://s.click.aliexpress.com/e/_Dk1O8Nr	unreviewed_link_not_product
2664	2024-10-13 09:00:00	3	рюкзак от производителя QIWAS	https://exler.es/aliexpress/delimsya-nahodkami-iz-kitajskih-magazinov-197.htm	https://s.click.aliexpress.com/e/_DEhONyh	unreviewed_link_not_product
2664	2024-10-13 09:00:00	4	"брелок ""Древо жизни"""	https://exler.es/aliexpress/delimsya-nahodkami-iz-kitajskih-magazinov-197.htm	https://s.click.aliexpress.com/e/_DCiU9Kl	unreviewed_link_not_product
2664	2024-10-13 09:00:00	4	арт-варианты Древа жизни	https://exler.es/aliexpress/delimsya-nahodkami-iz-kitajskih-magazinov-197.htm	https://s.click.aliexpress.com/e/_DFq5qQt	unreviewed_link_not_product
2664	2024-10-13 09:00:00	5	Мягкая щетка	https://exler.es/aliexpress/delimsya-nahodkami-iz-kitajskih-magazinov-197.htm	https://s.click.aliexpress.com/e/_DdJ2rAz	unreviewed_link_not_product
2664	2024-10-13 09:00:00	6	бокалы для вас	https://exler.es/aliexpress/delimsya-nahodkami-iz-kitajskih-magazinov-197.htm	https://s.click.aliexpress.com/e/_DejE24N	unreviewed_link_not_product
2664	2024-10-13 09:00:00	7	массажер для головы	https://exler.es/aliexpress/delimsya-nahodkami-iz-kitajskih-magazinov-197.htm	https://s.click.aliexpress.com/e/_DDCeLRP	unreviewed_link_not_product
2699	2024-10-06 09:00:00	0	электроника	https://exler.es/aliexpress/delimsya-nahodkami-iz-kitajskih-magazinov-196.htm	https://s.click.aliexpress.com/e/_DFHZvU5	unreviewed_link_not_product
2699	2024-10-06 09:00:00	1	продвинутой эргономичной мышки	https://exler.es/aliexpress/delimsya-nahodkami-iz-kitajskih-magazinov-196.htm	https://s.click.aliexpress.com/e/_DdcZn2Z	unreviewed_link_not_product
2699	2024-10-06 09:00:00	2	легких флисовых кофт на молнии	https://exler.es/aliexpress/delimsya-nahodkami-iz-kitajskih-magazinov-196.htm	https://s.click.aliexpress.com/e/_DmwFG25	unreviewed_link_not_product
2699	2024-10-06 09:00:00	3	вот такая полезная штука	https://exler.es/aliexpress/delimsya-nahodkami-iz-kitajskih-magazinov-196.htm	https://s.click.aliexpress.com/e/_DDGPm9T	unreviewed_link_not_product
2699	2024-10-06 09:00:00	4	неплохой выбор	https://exler.es/aliexpress/delimsya-nahodkami-iz-kitajskih-magazinov-196.htm	https://s.click.aliexpress.com/e/_DB8MkNj	unreviewed_link_not_product
2699	2024-10-06 09:00:00	5	Soocas X3U в дизайне стиля картин Ван Гога	https://exler.es/aliexpress/delimsya-nahodkami-iz-kitajskih-magazinov-196.htm	https://s.click.aliexpress.com/e/_DBAypJj	unreviewed_link_not_product
2699	2024-10-06 09:00:00	6	Многоразовые нейлоновые стяжки-липучки	https://exler.es/aliexpress/delimsya-nahodkami-iz-kitajskih-magazinov-196.htm	https://s.click.aliexpress.com/e/_DCzI88Z	unreviewed_link_not_product
2699	2024-10-06 09:00:00	7	"конструктор ""Ламборгини"""	https://exler.es/aliexpress/delimsya-nahodkami-iz-kitajskih-magazinov-196.htm	https://s.click.aliexpress.com/e/_DkgMnNn	unreviewed_link_not_product
2699	2024-10-06 09:00:00	8	вот такого	https://exler.es/aliexpress/delimsya-nahodkami-iz-kitajskih-magazinov-196.htm	https://s.click.aliexpress.com/e/_DcRxn45	unreviewed_link_not_product
2699	2024-10-06 09:00:00	9	деревянная подставка под наушники	https://exler.es/aliexpress/delimsya-nahodkami-iz-kitajskih-magazinov-196.htm	https://s.click.aliexpress.com/e/_DeeN03R	unreviewed_link_not_product
2699	2024-10-06 09:00:00	10	алкотестер Greenwon	https://exler.es/aliexpress/delimsya-nahodkami-iz-kitajskih-magazinov-196.htm	https://s.click.aliexpress.com/e/_DFSHKAl	unreviewed_link_not_product
2772	2024-09-22 09:00:00	0	вот этот вариант	https://exler.es/aliexpress/delimsya-nahodkami-iz-kitajskih-magazinov-195.htm	https://s.click.aliexpress.com/e/_DB4nytd	unreviewed_link_not_product
2772	2024-09-22 09:00:00	1	Baseus Bowie 10 Max	https://exler.es/aliexpress/delimsya-nahodkami-iz-kitajskih-magazinov-195.htm	https://s.click.aliexpress.com/e/_DCykajv	unreviewed_link_not_product
2772	2024-09-22 09:00:00	2	Недорогой рюкзак	https://exler.es/aliexpress/delimsya-nahodkami-iz-kitajskih-magazinov-195.htm	https://s.click.aliexpress.com/e/_DC9aUlV	unreviewed_link_not_product
2772	2024-09-22 09:00:00	3	Baseus F02	https://exler.es/aliexpress/delimsya-nahodkami-iz-kitajskih-magazinov-195.htm	https://s.click.aliexpress.com/e/_DmIQmLZ	unreviewed_link_not_product
2772	2024-09-22 09:00:00	4	Rocoren Mini Power Bank 4500mAh	https://exler.es/aliexpress/delimsya-nahodkami-iz-kitajskih-magazinov-195.htm	https://s.click.aliexpress.com/e/_DkW0CKf	unreviewed_link_not_product
2772	2024-09-22 09:00:00	5	купить примерно за 60 евро	https://exler.es/aliexpress/delimsya-nahodkami-iz-kitajskih-magazinov-195.htm	https://s.click.aliexpress.com/e/_DCDF5KT	unreviewed_link_not_product
2772	2024-09-22 09:00:00	6	выжималка для дольки лимона	https://exler.es/aliexpress/delimsya-nahodkami-iz-kitajskih-magazinov-195.htm	https://s.click.aliexpress.com/e/_Dlsfi2f	unreviewed_link_not_product
2772	2024-09-22 09:00:00	7	подушек-массажеров для воротниковой зоны шеи	https://exler.es/aliexpress/delimsya-nahodkami-iz-kitajskih-magazinov-195.htm	https://s.click.aliexpress.com/e/_DEJvUyx	unreviewed_link_not_product
2772	2024-09-22 09:00:00	8	вот таких органайзеров для вещей	https://exler.es/aliexpress/delimsya-nahodkami-iz-kitajskih-magazinov-195.htm	https://s.click.aliexpress.com/e/_DkrxRej	unreviewed_link_not_product
2772	2024-09-22 09:00:00	9	Удобные сумки для ноутбуков	https://exler.es/aliexpress/delimsya-nahodkami-iz-kitajskih-magazinov-195.htm	https://s.click.aliexpress.com/e/_De1pVyJ	unreviewed_link_not_product
2811	2024-09-15 11:01:00	1	"""7 в 1"" от Baseus"	https://exler.es/aliexpress/delimsya-nahodkami-iz-kitajskih-magazinov-194.htm	https://s.click.aliexpress.com/e/_DBBCpuX	unreviewed_link_not_product
2811	2024-09-15 11:01:00	1	1862 руб	https://exler.es/aliexpress/delimsya-nahodkami-iz-kitajskih-magazinov-194.htm	https://alli.pub/71fxpb?erid=2SDnjdr9MZc	unreviewed_link_not_product
2811	2024-09-15 11:01:00	2	Xiaomi Mijia Electric Shaver S700	https://exler.es/aliexpress/delimsya-nahodkami-iz-kitajskih-magazinov-194.htm	https://s.click.aliexpress.com/e/_DC8j60x	unreviewed_link_not_product
2811	2024-09-15 11:01:00	2	нашел	https://exler.es/aliexpress/delimsya-nahodkami-iz-kitajskih-magazinov-194.htm	https://s.click.aliexpress.com/e/_DCFwN9p	unreviewed_link_not_product
2811	2024-09-15 11:01:00	3	полутораметровый кабель Type-C	https://exler.es/aliexpress/delimsya-nahodkami-iz-kitajskih-magazinov-194.htm	https://s.click.aliexpress.com/e/_DeXm4hH	unreviewed_link_not_product
2811	2024-09-15 11:01:00	4	клавиатура для смартфона/планшета	https://exler.es/aliexpress/delimsya-nahodkami-iz-kitajskih-magazinov-194.htm	https://s.click.aliexpress.com/e/_DBf1IEr	unreviewed_link_not_product
2811	2024-09-15 11:01:00	5	Спинер-антистресс	https://exler.es/aliexpress/delimsya-nahodkami-iz-kitajskih-magazinov-194.htm	https://s.click.aliexpress.com/e/_DcZfB3H	unreviewed_link_not_product
2811	2024-09-15 11:01:00	6	Zeblaze GTS 3 Pro	https://exler.es/aliexpress/delimsya-nahodkami-iz-kitajskih-magazinov-194.htm	https://s.click.aliexpress.com/e/_DEzIDsf	unreviewed_link_not_product
2811	2024-09-15 11:01:00	7	"зарядный кабель ""3 в 1"""	https://exler.es/aliexpress/delimsya-nahodkami-iz-kitajskih-magazinov-194.htm	https://s.click.aliexpress.com/e/_DEb1pix	unreviewed_link_not_product
2811	2024-09-15 11:01:00	8	"Док-станция для ноутбука ""10 в 1"""	https://exler.es/aliexpress/delimsya-nahodkami-iz-kitajskih-magazinov-194.htm	https://s.click.aliexpress.com/e/_DF7v6mf	unreviewed_link_not_product
2811	2024-09-15 11:01:00	9	адаптер с Wi-Fi под USB	https://exler.es/aliexpress/delimsya-nahodkami-iz-kitajskih-magazinov-194.htm	https://s.click.aliexpress.com/e/_Dm3xBWF	unreviewed_link_not_product
2811	2024-09-15 11:01:00	10	ABIR WD8	https://exler.es/aliexpress/delimsya-nahodkami-iz-kitajskih-magazinov-194.htm	https://s.click.aliexpress.com/e/_Dmwvx0f	unreviewed_link_not_product
2855	2024-09-08 09:50:00	0	органайзеров для кабелей	https://exler.es/aliexpress/delimsya-nahodkami-iz-kitajskih-magazinov-193.htm	https://s.click.aliexpress.com/e/_DDKBg6r	unreviewed_link_not_product
2855	2024-09-08 09:50:00	1	складной зонт	https://exler.es/aliexpress/delimsya-nahodkami-iz-kitajskih-magazinov-193.htm	https://s.click.aliexpress.com/e/_DCqSr0R	unreviewed_link_not_product
2855	2024-09-08 09:50:00	2	вот такой айершаллензолльбрухштелленферурзахер	https://exler.es/aliexpress/delimsya-nahodkami-iz-kitajskih-magazinov-193.htm	https://s.click.aliexpress.com/e/_De8OxGr	unreviewed_link_not_product
2855	2024-09-08 09:50:00	3	всего €237	https://exler.es/aliexpress/delimsya-nahodkami-iz-kitajskih-magazinov-193.htm	https://s.click.aliexpress.com/e/_Dd36Mxh	unreviewed_link_not_product
2855	2024-09-08 09:50:00	4	хороший вариант от Ugreen	https://exler.es/aliexpress/delimsya-nahodkami-iz-kitajskih-magazinov-193.htm	https://s.click.aliexpress.com/e/_DkY4PYP	unreviewed_link_not_product
2855	2024-09-08 09:50:00	5	Redmi buds 6 Active	https://exler.es/aliexpress/delimsya-nahodkami-iz-kitajskih-magazinov-193.htm	https://s.click.aliexpress.com/e/_Ddr9C43	unreviewed_link_not_product
2855	2024-09-08 09:50:00	6	Самоклеющиеся фиксаторы	https://exler.es/aliexpress/delimsya-nahodkami-iz-kitajskih-magazinov-193.htm	https://s.click.aliexpress.com/e/_De872vH	unreviewed_link_not_product
2855	2024-09-08 09:50:00	7	мусорный бачок	https://exler.es/aliexpress/delimsya-nahodkami-iz-kitajskih-magazinov-193.htm	https://s.click.aliexpress.com/e/_DBNZoan	unreviewed_link_not_product
2855	2024-09-08 09:50:00	8	зарядная станция от Baseus	https://exler.es/aliexpress/delimsya-nahodkami-iz-kitajskih-magazinov-193.htm	https://s.click.aliexpress.com/e/_DetiYpH	unreviewed_link_not_product
2855	2024-09-08 09:50:00	9	Качественные эластичные шнурки	https://exler.es/aliexpress/delimsya-nahodkami-iz-kitajskih-magazinov-193.htm	https://s.click.aliexpress.com/e/_DkXren1	unreviewed_link_not_product
2896	2024-09-01 09:00:00	0	вот такой нейлоновый ремень	https://exler.es/aliexpress/delimsya-nahodkami-iz-kitajskih-magazinov-192.htm	https://s.click.aliexpress.com/e/_DeYVPNN	unreviewed_link_not_product
2896	2024-09-01 09:00:00	1	Фигурки Дэдпула в разных позах	https://exler.es/aliexpress/delimsya-nahodkami-iz-kitajskih-magazinov-192.htm	https://s.click.aliexpress.com/e/_Dd0TJkb	unreviewed_link_not_product
2896	2024-09-01 09:00:00	2	небольшая сумка для велосипеда	https://exler.es/aliexpress/delimsya-nahodkami-iz-kitajskih-magazinov-192.htm	https://s.click.aliexpress.com/e/_DmdPyej	unreviewed_link_not_product
2896	2024-09-01 09:00:00	3	восьми никель-металлгидридных перезаряжаемых аккумуляторных батарей	https://exler.es/aliexpress/delimsya-nahodkami-iz-kitajskih-magazinov-192.htm	https://s.click.aliexpress.com/e/_Dcv4azh	unreviewed_link_not_product
2896	2024-09-01 09:00:00	3	универсальное зарядное устройство на 4 аккумулятора	https://exler.es/aliexpress/delimsya-nahodkami-iz-kitajskih-magazinov-192.htm	https://s.click.aliexpress.com/e/_Dm4pPJZ	unreviewed_link_not_product
2896	2024-09-01 09:00:00	4	силиконовые колесики для офисного кресла	https://exler.es/aliexpress/delimsya-nahodkami-iz-kitajskih-magazinov-192.htm	https://s.click.aliexpress.com/e/_Dmogkxd	unreviewed_link_not_product
2896	2024-09-01 09:00:00	5	держатель для наушников	https://exler.es/aliexpress/delimsya-nahodkami-iz-kitajskih-magazinov-192.htm	https://s.click.aliexpress.com/e/_Dnkquv1	unreviewed_link_not_product
2896	2024-09-01 09:00:00	5	имеет четырехпортовый хаб	https://exler.es/aliexpress/delimsya-nahodkami-iz-kitajskih-magazinov-192.htm	https://s.click.aliexpress.com/e/_DdKiHs7	unreviewed_link_not_product
2896	2024-09-01 09:00:00	6	свою модель такого аккумулятора	https://exler.es/aliexpress/delimsya-nahodkami-iz-kitajskih-magazinov-192.htm	https://s.click.aliexpress.com/e/_DCtPIyX	unreviewed_link_not_product
2896	2024-09-01 09:00:00	7	хлопковые рубашки разных расцветок	https://exler.es/aliexpress/delimsya-nahodkami-iz-kitajskih-magazinov-192.htm	https://s.click.aliexpress.com/e/_DFDVHC3	unreviewed_link_not_product
2936	2024-08-25 09:00:00	1	15-дюймовый рюкзак	https://exler.es/aliexpress/delimsya-nahodkami-iz-kitajskih-magazinov-191.htm	https://s.click.aliexpress.com/e/_DnqVRWr	unreviewed_link_not_product
2936	2024-08-25 09:00:00	2	Poco M6 Pro	https://exler.es/aliexpress/delimsya-nahodkami-iz-kitajskih-magazinov-191.htm	https://s.click.aliexpress.com/e/_DeAW1zl	unreviewed_link_not_product
2936	2024-08-25 09:00:00	2	и вовсе 13664 руб	https://exler.es/aliexpress/delimsya-nahodkami-iz-kitajskih-magazinov-191.htm	https://alli.pub/70xcr6?erid=2SDnjeQWwdk	unreviewed_link_not_product
2936	2024-08-25 09:00:00	3	вот этом варианте	https://exler.es/aliexpress/delimsya-nahodkami-iz-kitajskih-magazinov-191.htm	https://s.click.aliexpress.com/e/_DBCTJSX	unreviewed_link_not_product
2936	2024-08-25 09:00:00	4	Xiaomi Smart Band 9	https://exler.es/aliexpress/delimsya-nahodkami-iz-kitajskih-magazinov-191.htm	https://s.click.aliexpress.com/e/_DnrgOUJ	unreviewed_link_not_product
2936	2024-08-25 09:00:00	5	QCY MeloBuds Neo Wireless	https://exler.es/aliexpress/delimsya-nahodkami-iz-kitajskih-magazinov-191.htm	https://s.click.aliexpress.com/e/_DFZlcnz	unreviewed_link_not_product
2936	2024-08-25 09:00:00	6	Logitech PEBBLE 2	https://exler.es/aliexpress/delimsya-nahodkami-iz-kitajskih-magazinov-191.htm	https://s.click.aliexpress.com/e/_DeXGDzN	unreviewed_link_not_product
2936	2024-08-25 09:00:00	7	€187	https://exler.es/aliexpress/delimsya-nahodkami-iz-kitajskih-magazinov-191.htm	https://s.click.aliexpress.com/e/_DFARugf	unreviewed_link_not_product
2936	2024-08-25 09:00:00	7	13 тысяч рублей	https://exler.es/aliexpress/delimsya-nahodkami-iz-kitajskih-magazinov-191.htm	https://alli.pub/70xmtf?erid=2SDnjceRZ3Y	unreviewed_link_not_product
2936	2024-08-25 09:00:00	8	одна из самых популярных моделей	https://exler.es/aliexpress/delimsya-nahodkami-iz-kitajskih-magazinov-191.htm	https://s.click.aliexpress.com/e/_DmIBmK7	unreviewed_link_not_product
2936	2024-08-25 09:00:00	9	очень прикольный GaN-адаптер для быстрой зарядки мощностью до 65 Вт	https://exler.es/aliexpress/delimsya-nahodkami-iz-kitajskih-magazinov-191.htm	https://s.click.aliexpress.com/e/_Dl1lnyF	unreviewed_link_not_product
2936	2024-08-25 09:00:00	10	колпачки на автомобильные колеса	https://exler.es/aliexpress/delimsya-nahodkami-iz-kitajskih-magazinov-191.htm	https://s.click.aliexpress.com/e/_DCdY14F	unreviewed_link_not_product
2985	2024-08-18 10:10:00	0	INKBIRD ISV-200W	https://exler.es/aliexpress/delimsya-nahodkami-iz-kitajskih-magazinov-190.htm	https://alli.pub/70qhqu	unreviewed_link_not_product
2985	2024-08-18 10:10:00	1	они есть на Aliexpress	https://exler.es/aliexpress/delimsya-nahodkami-iz-kitajskih-magazinov-190.htm	https://alli.pub/70qi94	unreviewed_link_not_product
2985	2024-08-18 10:10:00	2	Volkcam	https://exler.es/aliexpress/delimsya-nahodkami-iz-kitajskih-magazinov-190.htm	https://alli.pub/70quq3	unreviewed_link_not_product
2985	2024-08-18 10:10:00	3	Tribit StormBox Micro 2	https://exler.es/aliexpress/delimsya-nahodkami-iz-kitajskih-magazinov-190.htm	https://alli.pub/70quvj	unreviewed_link_not_product
2985	2024-08-18 10:10:00	4	вот такой	https://exler.es/aliexpress/delimsya-nahodkami-iz-kitajskih-magazinov-190.htm	https://alli.pub/70qv3w	unreviewed_link_not_product
2985	2024-08-18 10:10:00	5	Телескопический трипод и селфи-стик от Ugreen	https://exler.es/aliexpress/delimsya-nahodkami-iz-kitajskih-magazinov-190.htm	https://alli.pub/70r4w1	unreviewed_link_not_product
2985	2024-08-18 10:10:00	6	Мощный зарядный адаптер для машины от Baseus	https://exler.es/aliexpress/delimsya-nahodkami-iz-kitajskih-magazinov-190.htm	https://alli.pub/70r4zj	unreviewed_link_not_product
2985	2024-08-18 10:10:00	7	пепельницы	https://exler.es/aliexpress/delimsya-nahodkami-iz-kitajskih-magazinov-190.htm	https://alli.pub/70r54e	unreviewed_link_not_product
2985	2024-08-18 10:10:00	8	мельнички для соли и перца	https://exler.es/aliexpress/delimsya-nahodkami-iz-kitajskih-magazinov-190.htm	https://alli.pub/70r5bz	unreviewed_link_not_product
2985	2024-08-18 10:10:00	9	вот этот монстрик	https://exler.es/aliexpress/delimsya-nahodkami-iz-kitajskih-magazinov-190.htm	https://alli.pub/70r5jr	unreviewed_link_not_product
3024	2024-08-11 09:00:00	0	контейнер	https://exler.es/aliexpress/delimsya-nahodkami-iz-kitajskih-magazinov-189.htm	https://alli.pub/70kcot	unreviewed_link_not_product
3024	2024-08-11 09:00:00	1	универсальный зарядный кабель	https://exler.es/aliexpress/delimsya-nahodkami-iz-kitajskih-magazinov-189.htm	https://alli.pub/70kk9f	unreviewed_link_not_product
3024	2024-08-11 09:00:00	2	Автоматический складной зонтик	https://exler.es/aliexpress/delimsya-nahodkami-iz-kitajskih-magazinov-189.htm	https://alli.pub/70kkmu	unreviewed_link_not_product
3024	2024-08-11 09:00:00	3	нашел подходящий	https://exler.es/aliexpress/delimsya-nahodkami-iz-kitajskih-magazinov-189.htm	https://alli.pub/70kjbe	unreviewed_link_not_product
3024	2024-08-11 09:00:00	4	Пружинящие шлепки	https://exler.es/aliexpress/delimsya-nahodkami-iz-kitajskih-magazinov-189.htm	https://alli.pub/70kcfv	unreviewed_link_not_product
3024	2024-08-11 09:00:00	5	GaN-адаптер Ubigbuy	https://exler.es/aliexpress/delimsya-nahodkami-iz-kitajskih-magazinov-189.htm	https://alli.pub/70kd37	unreviewed_link_not_product
3024	2024-08-11 09:00:00	6	мужская наплечная сумка	https://exler.es/aliexpress/delimsya-nahodkami-iz-kitajskih-magazinov-189.htm	https://alli.pub/70kcis	unreviewed_link_not_product
3024	2024-08-11 09:00:00	7	Rapoo MT750L	https://exler.es/aliexpress/delimsya-nahodkami-iz-kitajskih-magazinov-189.htm	https://alli.pub/70kiuo	unreviewed_link_not_product
3024	2024-08-11 09:00:00	8	Креативный декантер	https://exler.es/aliexpress/delimsya-nahodkami-iz-kitajskih-magazinov-189.htm	https://alli.pub/70kk2f	unreviewed_link_not_product
3024	2024-08-11 09:00:00	8	аналогичный вариант на 1800 мл.	https://exler.es/aliexpress/delimsya-nahodkami-iz-kitajskih-magazinov-189.htm	https://alli.pub/70kk46	unreviewed_link_not_product
3024	2024-08-11 09:00:00	8	вот такой вариант	https://exler.es/aliexpress/delimsya-nahodkami-iz-kitajskih-magazinov-189.htm	https://alli.pub/70kk55	unreviewed_link_not_product
3024	2024-08-11 09:00:00	9	универсальный вариант от производителя Kuulaa	https://exler.es/aliexpress/delimsya-nahodkami-iz-kitajskih-magazinov-189.htm	https://alli.pub/70kjlp	unreviewed_link_not_product
3082	2024-07-28 09:00:00	0	Baseus F02	https://exler.es/aliexpress/delimsya-nahodkami-iz-kitajskih-magazinov-188.htm	https://alli.pub/7071bo	unreviewed_link_not_product
3082	2024-07-28 09:00:00	1	вот такой	https://exler.es/aliexpress/delimsya-nahodkami-iz-kitajskih-magazinov-188.htm	https://alli.pub/706noi	unreviewed_link_not_product
3082	2024-07-28 09:00:00	2	Защищенная скоростная флешка	https://exler.es/aliexpress/delimsya-nahodkami-iz-kitajskih-magazinov-188.htm	https://alli.pub/70745y	unreviewed_link_not_product
3082	2024-07-28 09:00:00	3	эластичные шнурки с магнитным держателем	https://exler.es/aliexpress/delimsya-nahodkami-iz-kitajskih-magazinov-188.htm	https://alli.pub/706oc1	unreviewed_link_not_product
3082	2024-07-28 09:00:00	4	миниатюрный складной ножик	https://exler.es/aliexpress/delimsya-nahodkami-iz-kitajskih-magazinov-188.htm	https://alli.pub/706r91	unreviewed_link_not_product
3082	2024-07-28 09:00:00	5	персональная кнопка SOS	https://exler.es/aliexpress/delimsya-nahodkami-iz-kitajskih-magazinov-188.htm	https://alli.pub/706s8m	unreviewed_link_not_product
3082	2024-07-28 09:00:00	6	Компактный складной вентилятор	https://exler.es/aliexpress/delimsya-nahodkami-iz-kitajskih-magazinov-188.htm	https://alli.pub/706t4b	unreviewed_link_not_product
3082	2024-07-28 09:00:00	7	Baseus на 20000 мАч	https://exler.es/aliexpress/delimsya-nahodkami-iz-kitajskih-magazinov-188.htm	https://alli.pub/707215	unreviewed_link_not_product
3082	2024-07-28 09:00:00	8	автомобильный адаптер для быстрой зарядки	https://exler.es/aliexpress/delimsya-nahodkami-iz-kitajskih-magazinov-188.htm	https://alli.pub/7073pm	unreviewed_link_not_product
3082	2024-07-28 09:00:00	9	дождевики-ветровки с капюшоном	https://exler.es/aliexpress/delimsya-nahodkami-iz-kitajskih-magazinov-188.htm	https://alli.pub/7073xl	unreviewed_link_not_product
3117	2024-07-21 09:00:00	0	вот такую модель	https://exler.es/aliexpress/delimsya-nahodkami-iz-kitajskih-magazinov-187.htm	https://alli.pub/700vsc	unreviewed_link_not_product
3117	2024-07-21 09:00:00	1	вот эту беспроводную колонку от Anker	https://exler.es/aliexpress/delimsya-nahodkami-iz-kitajskih-magazinov-187.htm	https://alli.pub/70144d	unreviewed_link_not_product
3117	2024-07-21 09:00:00	2	фонарик Xiaomi Mijia	https://exler.es/aliexpress/delimsya-nahodkami-iz-kitajskih-magazinov-187.htm	https://alli.pub/7014ik	unreviewed_link_not_product
3117	2024-07-21 09:00:00	3	складная беспроводная клавиатура	https://exler.es/aliexpress/delimsya-nahodkami-iz-kitajskih-magazinov-187.htm	https://alli.pub/7014tn	unreviewed_link_not_product
3117	2024-07-21 09:00:00	4	Многофункциональные RGB-часы	https://exler.es/aliexpress/delimsya-nahodkami-iz-kitajskih-magazinov-187.htm	https://alli.pub/70155w	unreviewed_link_not_product
3117	2024-07-21 09:00:00	5	"коробочка с вытягивающимся кабелем и зарядной головкой ""3 в 1"""	https://exler.es/aliexpress/delimsya-nahodkami-iz-kitajskih-magazinov-187.htm	https://alli.pub/70158m	unreviewed_link_not_product
3117	2024-07-21 09:00:00	6	мужская наплечная сумка	https://exler.es/aliexpress/delimsya-nahodkami-iz-kitajskih-magazinov-187.htm	https://alli.pub/7015bq	unreviewed_link_not_product
3117	2024-07-21 09:00:00	7	Amazfit GTR 3	https://exler.es/aliexpress/delimsya-nahodkami-iz-kitajskih-magazinov-187.htm	https://alli.pub/7016nk	unreviewed_link_not_product
3117	2024-07-21 09:00:00	7	стоит €205	https://exler.es/aliexpress/delimsya-nahodkami-iz-kitajskih-magazinov-187.htm	https://alli.pub/7016pi	unreviewed_link_not_product
3117	2024-07-21 09:00:00	8	"Устройство ""4 в 1"""	https://exler.es/aliexpress/delimsya-nahodkami-iz-kitajskih-magazinov-187.htm	https://alli.pub/70170l	unreviewed_link_not_product
3117	2024-07-21 09:00:00	9	"именно эту модель ""4 в 1"" от Ugreen"	https://exler.es/aliexpress/delimsya-nahodkami-iz-kitajskih-magazinov-187.htm	https://alli.pub/70178k	unreviewed_link_not_product
3153	2024-07-14 09:00:00	0	складная табуретка	https://exler.es/aliexpress/delimsya-nahodkami-iz-kitajskih-magazinov-186.htm	https://alli.pub/6zusph	unreviewed_link_not_product
3153	2024-07-14 09:00:00	1	Comfast	https://exler.es/aliexpress/delimsya-nahodkami-iz-kitajskih-magazinov-186.htm	https://alli.pub/6zuttj	unreviewed_link_not_product
3153	2024-07-14 09:00:00	2	вот здесь	https://exler.es/aliexpress/delimsya-nahodkami-iz-kitajskih-magazinov-186.htm	https://alli.pub/6zurvc	unreviewed_link_not_product
3153	2024-07-14 09:00:00	2	поройтесь у них на сайте магазина	https://exler.es/aliexpress/delimsya-nahodkami-iz-kitajskih-magazinov-186.htm	https://alli.pub/6zus1k	unreviewed_link_not_product
3153	2024-07-14 09:00:00	3	три подставки для горячей посуды	https://exler.es/aliexpress/delimsya-nahodkami-iz-kitajskih-magazinov-186.htm	https://alli.pub/6zusdm	unreviewed_link_not_product
3153	2024-07-14 09:00:00	4	Choice Max5c	https://exler.es/aliexpress/delimsya-nahodkami-iz-kitajskih-magazinov-186.htm	https://alli.pub/6zutuw	unreviewed_link_not_product
3153	2024-07-14 09:00:00	5	антикомариный браслет	https://exler.es/aliexpress/delimsya-nahodkami-iz-kitajskih-magazinov-186.htm	https://alli.pub/6zusi3	unreviewed_link_not_product
3153	2024-07-14 09:00:00	6	компактных контейнеров	https://exler.es/aliexpress/delimsya-nahodkami-iz-kitajskih-magazinov-186.htm	https://alli.pub/6zusuq	unreviewed_link_not_product
3153	2024-07-14 09:00:00	7	компактных решеток	https://exler.es/aliexpress/delimsya-nahodkami-iz-kitajskih-magazinov-186.htm	https://alli.pub/6zusx2	unreviewed_link_not_product
3153	2024-07-14 09:00:00	8	Простенькое решение	https://exler.es/aliexpress/delimsya-nahodkami-iz-kitajskih-magazinov-186.htm	https://alli.pub/6zut3h	unreviewed_link_not_product
3153	2024-07-14 09:00:00	9	мини-контейнеры	https://exler.es/aliexpress/delimsya-nahodkami-iz-kitajskih-magazinov-186.htm	https://alli.pub/6zv4hk	unreviewed_link_not_product
3185	2024-07-07 09:00:00	0	вот такой классной кружки с котиками	https://exler.es/aliexpress/delimsya-nahodkami-iz-kitajskih-magazinov-185.htm	https://alli.pub/6zpblf	unreviewed_link_not_product
3185	2024-07-07 09:00:00	1	новой модели Soocas X3S	https://exler.es/aliexpress/delimsya-nahodkami-iz-kitajskih-magazinov-185.htm	https://alli.pub/6zoycu	unreviewed_link_not_product
3185	2024-07-07 09:00:00	2	фирменном магазине Oiwas	https://exler.es/aliexpress/delimsya-nahodkami-iz-kitajskih-magazinov-185.htm	https://alli.pub/6zoyt6	unreviewed_link_not_product
3185	2024-07-07 09:00:00	2	вот такой вариант	https://exler.es/aliexpress/delimsya-nahodkami-iz-kitajskih-magazinov-185.htm	https://alli.pub/6zoytk	unreviewed_link_not_product
3185	2024-07-07 09:00:00	3	Movespeed	https://exler.es/aliexpress/delimsya-nahodkami-iz-kitajskih-magazinov-185.htm	https://alli.pub/6zoz8c	unreviewed_link_not_product
3185	2024-07-07 09:00:00	3	компактный аккумулятор	https://exler.es/aliexpress/delimsya-nahodkami-iz-kitajskih-magazinov-185.htm	https://alli.pub/6yd979	unreviewed_link_not_product
3185	2024-07-07 09:00:00	3	вот такой вариант	https://exler.es/aliexpress/delimsya-nahodkami-iz-kitajskih-magazinov-185.htm	https://alli.pub/6zp05e	unreviewed_link_not_product
3185	2024-07-07 09:00:00	4	компактный 7-портовик USB 3.0 от Orico	https://exler.es/aliexpress/delimsya-nahodkami-iz-kitajskih-magazinov-185.htm	https://alli.pub/6zp0cz	unreviewed_link_not_product
3185	2024-07-07 09:00:00	5	рубашки и брюк свободного покроя на резинке	https://exler.es/aliexpress/delimsya-nahodkami-iz-kitajskih-magazinov-185.htm	https://alli.pub/6zp3hd	unreviewed_link_not_product
3185	2024-07-07 09:00:00	6	вот эти от Essager	https://exler.es/aliexpress/delimsya-nahodkami-iz-kitajskih-magazinov-185.htm	https://alli.pub/6zp973	unreviewed_link_not_product
3185	2024-07-07 09:00:00	6	с беспроводной зарядкой	https://exler.es/aliexpress/delimsya-nahodkami-iz-kitajskih-magazinov-185.htm	https://alli.pub/6zp9ae	unreviewed_link_not_product
3185	2024-07-07 09:00:00	6	недорогой вариант от Baseus	https://exler.es/aliexpress/delimsya-nahodkami-iz-kitajskih-magazinov-185.htm	https://alli.pub/6zpaix	unreviewed_link_not_product
3185	2024-07-07 09:00:00	6	типа вот такого	https://exler.es/aliexpress/delimsya-nahodkami-iz-kitajskih-magazinov-185.htm	https://alli.pub/6zpc16	unreviewed_link_not_product
3185	2024-07-07 09:00:00	6	вот, например	https://exler.es/aliexpress/delimsya-nahodkami-iz-kitajskih-magazinov-185.htm	https://alli.pub/6zp9kw	unreviewed_link_not_product
3185	2024-07-07 09:00:00	6	вот такой их аккумулятор на 5000 мАч	https://exler.es/aliexpress/delimsya-nahodkami-iz-kitajskih-magazinov-185.htm	https://alli.pub/6zp9id	unreviewed_link_not_product
3185	2024-07-07 09:00:00	7	Простенький ночничок	https://exler.es/aliexpress/delimsya-nahodkami-iz-kitajskih-magazinov-185.htm	https://alli.pub/6zpb69	unreviewed_link_not_product
3185	2024-07-07 09:00:00	8	Компактный тройник	https://exler.es/aliexpress/delimsya-nahodkami-iz-kitajskih-magazinov-185.htm	https://alli.pub/6zpbhx	unreviewed_link_not_product
3220	2024-06-30 09:00:00	0	двухдисковую станцию Orico	https://exler.es/aliexpress/delimsya-nahodkami-iz-kitajskih-magazinov-184.htm	https://alli.pub/6zj8cx	unreviewed_link_not_product
3220	2024-06-30 09:00:00	1	магнитные крепления на липкой ленте	https://exler.es/aliexpress/delimsya-nahodkami-iz-kitajskih-magazinov-184.htm	https://alli.pub/6zj73f	unreviewed_link_not_product
3220	2024-06-30 09:00:00	2	"зарядная станция Baseus ""7 в 1"""	https://exler.es/aliexpress/delimsya-nahodkami-iz-kitajskih-magazinov-184.htm	https://alli.pub/6zj8vs	unreviewed_link_not_product
3220	2024-06-30 09:00:00	3	Стильный водонепроницаемый рюкзак	https://exler.es/aliexpress/delimsya-nahodkami-iz-kitajskih-magazinov-184.htm	https://alli.pub/6zj5x8	unreviewed_link_not_product
3220	2024-06-30 09:00:00	4	GIRIER Tuya ZigBee Smart Plug 20A	https://exler.es/aliexpress/delimsya-nahodkami-iz-kitajskih-magazinov-184.htm	https://alli.pub/6zj69v	unreviewed_link_not_product
3220	2024-06-30 09:00:00	5	беспроводная зарядка Huawei	https://exler.es/aliexpress/delimsya-nahodkami-iz-kitajskih-magazinov-184.htm	https://alli.pub/6zj6lq	unreviewed_link_not_product
3220	2024-06-30 09:00:00	6	дистанционный пульт управления	https://exler.es/aliexpress/delimsya-nahodkami-iz-kitajskih-magazinov-184.htm	https://alli.pub/6zj6ti	unreviewed_link_not_product
3220	2024-06-30 09:00:00	7	магнитные москитные сетки на окна	https://exler.es/aliexpress/delimsya-nahodkami-iz-kitajskih-magazinov-184.htm	https://alli.pub/6zj70b	unreviewed_link_not_product
3220	2024-06-30 09:00:00	8	портативный аккумулятор Baseus	https://exler.es/aliexpress/delimsya-nahodkami-iz-kitajskih-magazinov-184.htm	https://alli.pub/6zj94x	unreviewed_link_not_product
3220	2024-06-30 09:00:00	9	замшевые кошельки	https://exler.es/aliexpress/delimsya-nahodkami-iz-kitajskih-magazinov-184.htm	https://alli.pub/6zj85c	unreviewed_link_not_product
3261	2024-06-23 09:12:00	0	главные хиты	https://exler.es/aliexpress/delimsya-nahodkami-iz-kitajskih-magazinov-183.htm	https://alli.pub/6zcxed	unreviewed_link_not_product
3261	2024-06-23 09:12:00	1	Xiaomi Redmi Note 13	https://exler.es/aliexpress/delimsya-nahodkami-iz-kitajskih-magazinov-183.htm	https://alli.pub/6zcxp9	unreviewed_link_not_product
3261	2024-06-23 09:12:00	2	классическая лампа со струбциной	https://exler.es/aliexpress/delimsya-nahodkami-iz-kitajskih-magazinov-183.htm	https://alli.pub/6zcxvh	unreviewed_link_not_product
3261	2024-06-23 09:12:00	3	Легкие флисовые кофты	https://exler.es/aliexpress/delimsya-nahodkami-iz-kitajskih-magazinov-183.htm	https://alli.pub/6zd7os	unreviewed_link_not_product
3261	2024-06-23 09:12:00	4	приглянулась карта на 400 ГБ	https://exler.es/aliexpress/delimsya-nahodkami-iz-kitajskih-magazinov-183.htm	https://alli.pub/6zd996	unreviewed_link_not_product
3261	2024-06-23 09:12:00	4	€38	https://exler.es/aliexpress/delimsya-nahodkami-iz-kitajskih-magazinov-183.htm	https://www.amazon.es/SanDisk-Tarjeta-microSDXC-Adaptador-Rendimiento/dp/B08GYG5SVQ/ref=sr_1_5?__mk_es_ES=%C3%85M%C3%85%C5%BD%C3%95%C3%91&crid=1OHPW9JD5ARJC&dib=eyJ2IjoiMSJ9.uYUTCau_OJ1y_jGYsX7030wqm3Nz49jQXqGc9V6tAVwZE4k8KfIhYMLWPy-tVC22PQNj_-UfEaQd4V6c7cZzUWYVBCg5NDlciuQh6ET_Y6o877AvPdGYZQc8G4LvHOf1CiAAhimPaIfZBop2PVqG2eoxfILDOJIjCWIJuId0FJBRuA-Dt4AFMYcpgBKU1u9rHmyLhxrouGXqs2ukn-r_YHQF_sNfhCN3qMpVMQ580D1tne2PdOvUt0gxVRQ3FEmNkxoa2qlS3mMFYwR2iTVI5SO0xrQ5ndzvQSL7-zeyMS0.yLEm252YO-g_AeCBksj8NlS4KJwtWCALLBKgjN2nQoY&dib_tag=se&keywords=microsd+400+gb&qid=1719076954&sprefix=microsd+400+gb%2Caps%2C171&sr=8-5	unreviewed_link_not_product
3261	2024-06-23 09:12:00	5	Колонка Toproad	https://exler.es/aliexpress/delimsya-nahodkami-iz-kitajskih-magazinov-183.htm	https://alli.pub/6zd9oc	unreviewed_link_not_product
3261	2024-06-23 09:12:00	6	GaN-адаптер Ugreen на 65 Вт	https://exler.es/aliexpress/delimsya-nahodkami-iz-kitajskih-magazinov-183.htm	https://alli.pub/6zd9uy	unreviewed_link_not_product
3261	2024-06-23 09:12:00	7	Беспроводной насос Xiaomi	https://exler.es/aliexpress/delimsya-nahodkami-iz-kitajskih-magazinov-183.htm	https://alli.pub/6pcjbq	unreviewed_link_not_product
3261	2024-06-23 09:12:00	7	насос Baseus Dual-Cylinder	https://exler.es/aliexpress/delimsya-nahodkami-iz-kitajskih-magazinov-183.htm	https://alli.pub/6zdc4f	unreviewed_link_not_product
3261	2024-06-23 09:12:00	8	копеечный переходник	https://exler.es/aliexpress/delimsya-nahodkami-iz-kitajskih-magazinov-183.htm	https://alli.pub/6zdcbf	unreviewed_link_not_product
3261	2024-06-23 09:12:00	9	новая модель их кабелей с дисплеем	https://exler.es/aliexpress/delimsya-nahodkami-iz-kitajskih-magazinov-183.htm	https://alli.pub/6zdcog	unreviewed_link_not_product
3297	2024-06-16 11:40:00	0	компактный аккумулятор производства MoveSpeed	https://exler.es/aliexpress/delimsya-nahodkami-iz-kitajskih-magazinov-182.htm	https://alli.pub/6yd979	unreviewed_link_not_product
3297	2024-06-16 11:40:00	1	продвинутые тройники Lencent	https://exler.es/aliexpress/delimsya-nahodkami-iz-kitajskih-magazinov-182.htm	https://alli.pub/6yugpu	unreviewed_link_not_product
3297	2024-06-16 11:40:00	2	вот здесь	https://exler.es/aliexpress/delimsya-nahodkami-iz-kitajskih-magazinov-182.htm	https://alli.pub/6z74cz	unreviewed_link_not_product
3297	2024-06-16 11:40:00	3	велосипедная сигнализация	https://exler.es/aliexpress/delimsya-nahodkami-iz-kitajskih-magazinov-182.htm	https://alli.pub/6z6bd0	unreviewed_link_not_product
3297	2024-06-16 11:40:00	4	Самоклеящиеся настенные крепления	https://exler.es/aliexpress/delimsya-nahodkami-iz-kitajskih-magazinov-182.htm	https://alli.pub/6z6hpo	unreviewed_link_not_product
3297	2024-06-16 11:40:00	5	новая версия умных часов Amazfit GTS 2	https://exler.es/aliexpress/delimsya-nahodkami-iz-kitajskih-magazinov-182.htm	https://alli.pub/6z6ik7	unreviewed_link_not_product
3297	2024-06-16 11:40:00	5	продаются за €102	https://exler.es/aliexpress/delimsya-nahodkami-iz-kitajskih-magazinov-182.htm	https://www.amazon.es/Amazfit-Smartwatch-Rastreador-Almacenamiento-Incorporado/dp/B09Y1LS4Q2/ref=sr_1_3?__mk_es_ES=%C3%85M%C3%85%C5%BD%C3%95%C3%91&crid=2I25LF8CYK4KJ&dib=eyJ2IjoiMSJ9.bzhCSIQFM06NXbpPszqtg4tQ-80PePkiCRPphcPudap0O4O1_zdm86h1M2mIxxqAkRKhSrVmqzAxYL6A-NEgrGQtDlyBfMj_HwTpczuqQ2lRLMauxL35T5Sg53pWvuqo58v3CcwkpU5bajgIIvsy-NzAfmSfBWjz8-wT2ZxwtljHnupyJ955PqZg8qXv2HWwEfbQNWMtltYCBN9kyR9RxTfI-nXra1ZFC-x8zZ46bSvqLCVK3DP6-ibpNTlFMU0Xn368hKWlGyx9w1nNKUgScUlSUjY5PAVQ5N4FlHw9-EU.qKeC0iaw0bC89QGcrHunvyTkWfAPp3C5yYH306aS38E&dib_tag=se&keywords=amazfit%2Bgts%2B2&qid=1718450102&sprefix=amazfit%2Bgts%2B2%2Caps%2C117&sr=8-3&ufe=app_do%3Aamzn1.fos.1ae7f6d7-634b-4c16-83e8-b4ba4ed68eb7&th=1	unreviewed_link_not_product
3297	2024-06-16 11:40:00	6	Midea M9	https://exler.es/aliexpress/delimsya-nahodkami-iz-kitajskih-magazinov-182.htm	https://alli.pub/6z73nb	unreviewed_link_not_product
3297	2024-06-16 11:40:00	7	удобные органайзеры	https://exler.es/aliexpress/delimsya-nahodkami-iz-kitajskih-magazinov-182.htm	https://alli.pub/6z73xt	unreviewed_link_not_product
3297	2024-06-16 11:40:00	8	сверхкомпактный зонтик	https://exler.es/aliexpress/delimsya-nahodkami-iz-kitajskih-magazinov-182.htm	https://alli.pub/6z74mi	unreviewed_link_not_product
3297	2024-06-16 11:40:00	9	подставка для ноутбука от Ugreen	https://exler.es/aliexpress/delimsya-nahodkami-iz-kitajskih-magazinov-182.htm	https://alli.pub/6z74q7	unreviewed_link_not_product
3297	2024-06-16 11:40:00	9	вот такая удобная модель	https://exler.es/aliexpress/delimsya-nahodkami-iz-kitajskih-magazinov-182.htm	https://alli.pub/6z74xe	unreviewed_link_not_product
3333	2024-06-09 09:00:00	0	вот такое	https://exler.es/aliexpress/delimsya-nahodkami-iz-kitajskih-magazinov-181.htm	https://alli.pub/6z0jc6	unreviewed_link_not_product
3333	2024-06-09 09:00:00	0	вот такие варианты под мрамор	https://exler.es/aliexpress/delimsya-nahodkami-iz-kitajskih-magazinov-181.htm	https://alli.pub/6z0jie	unreviewed_link_not_product
3333	2024-06-09 09:00:00	1	водонепроницаемый рюкзак	https://exler.es/aliexpress/delimsya-nahodkami-iz-kitajskih-magazinov-181.htm	https://alli.pub/6z0sxw	unreviewed_link_not_product
3333	2024-06-09 09:00:00	2	Soocas X3	https://exler.es/aliexpress/delimsya-nahodkami-iz-kitajskih-magazinov-181.htm	https://alli.pub/6z0r4k	unreviewed_link_not_product
3333	2024-06-09 09:00:00	2	Xiaomi Mijia T100	https://exler.es/aliexpress/delimsya-nahodkami-iz-kitajskih-magazinov-181.htm	https://alli.pub/6z0rbk	unreviewed_link_not_product
3333	2024-06-09 09:00:00	3	Baseus DS10	https://exler.es/aliexpress/delimsya-nahodkami-iz-kitajskih-magazinov-181.htm	https://alli.pub/6z0s97	unreviewed_link_not_product
3333	2024-06-09 09:00:00	4	Сверхкомпактный USB-концентратор Orico	https://exler.es/aliexpress/delimsya-nahodkami-iz-kitajskih-magazinov-181.htm	https://alli.pub/6z0sij	unreviewed_link_not_product
3333	2024-06-09 09:00:00	5	Недорогая наплечная сумка от OIWAS	https://exler.es/aliexpress/delimsya-nahodkami-iz-kitajskih-magazinov-181.htm	https://alli.pub/6z0svd	unreviewed_link_not_product
3333	2024-06-09 09:00:00	6	QCY T22 Crossky Link	https://exler.es/aliexpress/delimsya-nahodkami-iz-kitajskih-magazinov-181.htm	https://alli.pub/6z0t1s	unreviewed_link_not_product
3333	2024-06-09 09:00:00	7	Продвинутый аромадиффузор	https://exler.es/aliexpress/delimsya-nahodkami-iz-kitajskih-magazinov-181.htm	https://alli.pub/6z0t5h	unreviewed_link_not_product
3333	2024-06-09 09:00:00	8	Самые удобные переходники	https://exler.es/aliexpress/delimsya-nahodkami-iz-kitajskih-magazinov-181.htm	https://alli.pub/6z0t8l	unreviewed_link_not_product
3333	2024-06-09 09:00:00	9	Blackview Smartwatch X20	https://exler.es/aliexpress/delimsya-nahodkami-iz-kitajskih-magazinov-181.htm	https://alli.pub/6z0ty9	unreviewed_link_not_product
3333	2024-06-09 09:00:00	10	Мощный зарядный адаптер	https://exler.es/aliexpress/delimsya-nahodkami-iz-kitajskih-magazinov-181.htm	https://alli.pub/6z0tzt	unreviewed_link_not_product
3372	2024-06-02 09:00:00	0	топ брэнды	https://exler.es/aliexpress/delimsya-nahodkami-iz-kitajskih-magazinov-180.htm	https://alli.pub/6yufcg	unreviewed_link_not_product
3372	2024-06-02 09:00:00	0	идеи для дома	https://exler.es/aliexpress/delimsya-nahodkami-iz-kitajskih-magazinov-180.htm	https://alli.pub/6yufcn	unreviewed_link_not_product
3372	2024-06-02 09:00:00	0	мировая премьера смартфонов Poco F6 и Poco F6 Pro	https://exler.es/aliexpress/delimsya-nahodkami-iz-kitajskih-magazinov-180.htm	https://alli.pub/6yug7k?erid=2SDnjcYr8aM	unreviewed_link_not_product
3372	2024-06-02 09:00:00	1	этот вариант от компании Lencent	https://exler.es/aliexpress/delimsya-nahodkami-iz-kitajskih-magazinov-180.htm	https://alli.pub/6yugpu	unreviewed_link_not_product
3372	2024-06-02 09:00:00	2	можно купить за €54	https://exler.es/aliexpress/delimsya-nahodkami-iz-kitajskih-magazinov-180.htm	https://alli.pub/6yufnc	unreviewed_link_not_product
3372	2024-06-02 09:00:00	2	Xiaomi Mijia Shaver S300	https://exler.es/aliexpress/delimsya-nahodkami-iz-kitajskih-magazinov-180.htm	https://alli.pub/6yufyf	unreviewed_link_not_product
3372	2024-06-02 09:00:00	3	рюкзак компании Oiwas	https://exler.es/aliexpress/delimsya-nahodkami-iz-kitajskih-magazinov-180.htm	https://alli.pub/6yugjf	unreviewed_link_not_product
3372	2024-06-02 09:00:00	4	новую недорогую игровую мышку	https://exler.es/aliexpress/delimsya-nahodkami-iz-kitajskih-magazinov-180.htm	https://alli.pub/6yuhd6	unreviewed_link_not_product
3372	2024-06-02 09:00:00	5	"вот такого устройства ""13 в 1"""	https://exler.es/aliexpress/delimsya-nahodkami-iz-kitajskih-magazinov-180.htm	https://alli.pub/6yuhrd	unreviewed_link_not_product
3372	2024-06-02 09:00:00	5	четырехпортовый прозрачный хаб от Orico	https://exler.es/aliexpress/delimsya-nahodkami-iz-kitajskih-magazinov-180.htm	https://alli.pub/6yuvno	unreviewed_link_not_product
3372	2024-06-02 09:00:00	6	расслабляюще-медитационная лампа	https://exler.es/aliexpress/delimsya-nahodkami-iz-kitajskih-magazinov-180.htm	https://alli.pub/6yurhr	unreviewed_link_not_product
3372	2024-06-02 09:00:00	7	Monster XKT10	https://exler.es/aliexpress/delimsya-nahodkami-iz-kitajskih-magazinov-180.htm	https://alli.pub/6yuu4g	unreviewed_link_not_product
3372	2024-06-02 09:00:00	8	вот эту	https://exler.es/aliexpress/delimsya-nahodkami-iz-kitajskih-magazinov-180.htm	https://alli.pub/6yuv7j	unreviewed_link_not_product
3372	2024-06-02 09:00:00	9	"вот такой вариант ""4 в 1"""	https://exler.es/aliexpress/delimsya-nahodkami-iz-kitajskih-magazinov-180.htm	https://alli.pub/6yuvs5	unreviewed_link_not_product
3406	2024-05-26 09:00:00	0	беспроводной электрический компрессор	https://exler.es/aliexpress/delimsya-nahodkami-iz-kitajskih-magazinov-179.htm	https://alli.pub/6youh2	unreviewed_link_not_product
3406	2024-05-26 09:00:00	1	Простенькая терка для чеснока	https://exler.es/aliexpress/delimsya-nahodkami-iz-kitajskih-magazinov-179.htm	https://alli.pub/6younv	unreviewed_link_not_product
3406	2024-05-26 09:00:00	2	напузники	https://exler.es/aliexpress/delimsya-nahodkami-iz-kitajskih-magazinov-179.htm	https://alli.pub/6yp6qn	unreviewed_link_not_product
3406	2024-05-26 09:00:00	3	кабель Type-C - Type-C	https://exler.es/aliexpress/delimsya-nahodkami-iz-kitajskih-magazinov-179.htm	https://alli.pub/6yowae	unreviewed_link_not_product
3406	2024-05-26 09:00:00	3	аналогичный вариант	https://exler.es/aliexpress/delimsya-nahodkami-iz-kitajskih-magazinov-179.htm	https://alli.pub/6yowgm	unreviewed_link_not_product
3406	2024-05-26 09:00:00	4	"поляризационные темные очки в стиле ""Матрицы"""	https://exler.es/aliexpress/delimsya-nahodkami-iz-kitajskih-magazinov-179.htm	https://alli.pub/6yowsa	unreviewed_link_not_product
3406	2024-05-26 09:00:00	5	Рулонные шторы на двух липучках	https://exler.es/aliexpress/delimsya-nahodkami-iz-kitajskih-magazinov-179.htm	https://alli.pub/6yoxg0	unreviewed_link_not_product
3406	2024-05-26 09:00:00	6	противоскользящие полоски для душа	https://exler.es/aliexpress/delimsya-nahodkami-iz-kitajskih-magazinov-179.htm	https://alli.pub/6yoxor	unreviewed_link_not_product
3406	2024-05-26 09:00:00	7	телескопический складной трипод	https://exler.es/aliexpress/delimsya-nahodkami-iz-kitajskih-magazinov-179.htm	https://alli.pub/6yp3oe	unreviewed_link_not_product
3406	2024-05-26 09:00:00	8	недорогую док-станцию на два диска	https://exler.es/aliexpress/delimsya-nahodkami-iz-kitajskih-magazinov-179.htm	https://alli.pub/6yp49s	unreviewed_link_not_product
3406	2024-05-26 09:00:00	9	вот такой	https://exler.es/aliexpress/delimsya-nahodkami-iz-kitajskih-magazinov-179.htm	https://alli.pub/6yp4ji	unreviewed_link_not_product
3444	2024-05-19 09:00:00	0	вот такой репеллент от Xiaomi	https://exler.es/aliexpress/delimsya-nahodkami-iz-kitajskih-magazinov-178.htm	https://alli.pub/6yjltb	unreviewed_link_not_product
3444	2024-05-19 09:00:00	0	вот здесь	https://exler.es/aliexpress/delimsya-nahodkami-iz-kitajskih-magazinov-178.htm	https://alli.pub/6yjm1a	unreviewed_link_not_product
3444	2024-05-19 09:00:00	1	HAYLOU S30	https://exler.es/aliexpress/delimsya-nahodkami-iz-kitajskih-magazinov-178.htm	https://alli.pub/6yie67	unreviewed_link_not_product
3444	2024-05-19 09:00:00	2	вот такие нейлоновые ремни Xiaomi Mijia	https://exler.es/aliexpress/delimsya-nahodkami-iz-kitajskih-magazinov-178.htm	https://alli.pub/6yiefq	unreviewed_link_not_product
3444	2024-05-19 09:00:00	3	в виде аудиокассеты	https://exler.es/aliexpress/delimsya-nahodkami-iz-kitajskih-magazinov-178.htm	https://alli.pub/6yixzf	unreviewed_link_not_product
3444	2024-05-19 09:00:00	4	массажные тапки	https://exler.es/aliexpress/delimsya-nahodkami-iz-kitajskih-magazinov-178.htm	https://alli.pub/6yiyqu	unreviewed_link_not_product
3444	2024-05-19 09:00:00	5	адаптер питания от Ugreen	https://exler.es/aliexpress/delimsya-nahodkami-iz-kitajskih-magazinov-178.htm	https://alli.pub/6yiz85	unreviewed_link_not_product
3444	2024-05-19 09:00:00	6	резиновый коврик-подстилка	https://exler.es/aliexpress/delimsya-nahodkami-iz-kitajskih-magazinov-178.htm	https://alli.pub/6yjm38	unreviewed_link_not_product
3444	2024-05-19 09:00:00	7	беспроводная воздуходувка	https://exler.es/aliexpress/delimsya-nahodkami-iz-kitajskih-magazinov-178.htm	https://alli.pub/6yj02a	unreviewed_link_not_product
3444	2024-05-19 09:00:00	8	магнитный держатель	https://exler.es/aliexpress/delimsya-nahodkami-iz-kitajskih-magazinov-178.htm	https://alli.pub/6yjl05	unreviewed_link_not_product
3444	2024-05-19 09:00:00	9	поджопником	https://exler.es/aliexpress/delimsya-nahodkami-iz-kitajskih-magazinov-178.htm	https://alli.pub/6yjlhn	unreviewed_link_not_product
3444	2024-05-19 09:00:00	9	складной табурет	https://exler.es/aliexpress/delimsya-nahodkami-iz-kitajskih-magazinov-178.htm	https://alli.pub/6yjmgn	unreviewed_link_not_product
3490	2024-05-12 09:00:00	0	автомобильный адаптер	https://exler.es/aliexpress/delimsya-nahodkami-iz-kitajskih-magazinov-177.htm	https://alii.pub/6ydmxc?erid=2SDnjer8EXT	unreviewed_link_not_product
3490	2024-05-12 09:00:00	1	аэратором-диспенсером	https://exler.es/aliexpress/delimsya-nahodkami-iz-kitajskih-magazinov-177.htm	https://alii.pub/6ydn2z?erid=2SDnjdYXCdo	unreviewed_link_not_product
3490	2024-05-12 09:00:00	2	автоподатчик для куриных яиц	https://exler.es/aliexpress/delimsya-nahodkami-iz-kitajskih-magazinov-177.htm	https://alii.pub/6ydn5w?erid=2SDnjcyuov9	unreviewed_link_not_product
3490	2024-05-12 09:00:00	2	четырехэтажная аналогичная подставка	https://exler.es/aliexpress/delimsya-nahodkami-iz-kitajskih-magazinov-177.htm	https://alii.pub/6ydn7n?erid=2SDnjdPdcRf	unreviewed_link_not_product
3490	2024-05-12 09:00:00	3	внешний аккумулятор	https://exler.es/aliexpress/delimsya-nahodkami-iz-kitajskih-magazinov-177.htm	https://alli.pub/6yd979	unreviewed_link_not_product
3490	2024-05-12 09:00:00	4	набор самых разнообразных переходников	https://exler.es/aliexpress/delimsya-nahodkami-iz-kitajskih-magazinov-177.htm	https://alli.pub/6ydae1	unreviewed_link_not_product
3490	2024-05-12 09:00:00	5	Bluetooth-колонка с медузой	https://exler.es/aliexpress/delimsya-nahodkami-iz-kitajskih-magazinov-177.htm	https://alli.pub/6ydbss	unreviewed_link_not_product
3490	2024-05-12 09:00:00	6	пластиковые хомутики для кабелей	https://exler.es/aliexpress/delimsya-nahodkami-iz-kitajskih-magazinov-177.htm	https://alli.pub/6yddgv	unreviewed_link_not_product
3490	2024-05-12 09:00:00	6	органайзеры-липучки	https://exler.es/aliexpress/delimsya-nahodkami-iz-kitajskih-magazinov-177.htm	https://alli.pub/6yddh9	unreviewed_link_not_product
3490	2024-05-12 09:00:00	7	айершаллензолльбрухштелленферурзахер	https://exler.es/aliexpress/delimsya-nahodkami-iz-kitajskih-magazinov-177.htm	https://alli.pub/6ydbx2	unreviewed_link_not_product
3490	2024-05-12 09:00:00	8	вот эти	https://exler.es/aliexpress/delimsya-nahodkami-iz-kitajskih-magazinov-177.htm	https://alli.pub/6ydbzz	unreviewed_link_not_product
3490	2024-05-12 09:00:00	9	кабель с дисплеем	https://exler.es/aliexpress/delimsya-nahodkami-iz-kitajskih-magazinov-177.htm	https://alli.pub/6ydcdz	unreviewed_link_not_product
3536	2024-05-05 09:00:00	0	вот такую версию	https://exler.es/aliexpress/delimsya-nahodkami-iz-kitajskih-magazinov-176.htm	https://alli.pub/6y603m	unreviewed_link_not_product
3536	2024-05-05 09:00:00	1	силиконовые чехлы для обуви	https://exler.es/aliexpress/delimsya-nahodkami-iz-kitajskih-magazinov-176.htm	https://alli.pub/6y5xzz	unreviewed_link_not_product
3536	2024-05-05 09:00:00	2	компактный мультитул	https://exler.es/aliexpress/delimsya-nahodkami-iz-kitajskih-magazinov-176.htm	https://alli.pub/6y5xty	unreviewed_link_not_product
3536	2024-05-05 09:00:00	3	есть такой кабель	https://exler.es/aliexpress/delimsya-nahodkami-iz-kitajskih-magazinov-176.htm	https://alli.pub/6y5yc1	unreviewed_link_not_product
3536	2024-05-05 09:00:00	4	"кухонное устройство ""4 в 1"""	https://exler.es/aliexpress/delimsya-nahodkami-iz-kitajskih-magazinov-176.htm	https://alli.pub/6y8q4l	unreviewed_link_not_product
3536	2024-05-05 09:00:00	5	точилка для ножей	https://exler.es/aliexpress/delimsya-nahodkami-iz-kitajskih-magazinov-176.htm	https://alli.pub/6y61al	unreviewed_link_not_product
3536	2024-05-05 09:00:00	6	вполне удобное устройство	https://exler.es/aliexpress/delimsya-nahodkami-iz-kitajskih-magazinov-176.htm	https://alli.pub/6y67h1	unreviewed_link_not_product
3536	2024-05-05 09:00:00	7	система быстрой шнуровки-расшнуровки	https://exler.es/aliexpress/delimsya-nahodkami-iz-kitajskih-magazinov-176.htm	https://alli.pub/6y67kq	unreviewed_link_not_product
3536	2024-05-05 09:00:00	8	DDPAI MOLA N3 Pro	https://exler.es/aliexpress/delimsya-nahodkami-iz-kitajskih-magazinov-176.htm	https://alli.pub/6y6waw	unreviewed_link_not_product
3536	2024-05-05 09:00:00	9	Автоматический зонт с защитой от ветра	https://exler.es/aliexpress/delimsya-nahodkami-iz-kitajskih-magazinov-176.htm	https://alli.pub/6y6wm6	unreviewed_link_not_product
3579	2024-04-28 09:00:00	0	измельчитель различных продуктов	https://exler.es/aliexpress/delimsya-nahodkami-iz-kitajskih-magazinov-175.htm	https://alli.pub/6y18dn	unreviewed_link_not_product
3579	2024-04-28 09:00:00	1	Внешний аккумулятор	https://exler.es/aliexpress/delimsya-nahodkami-iz-kitajskih-magazinov-175.htm	https://alli.pub/6y18h5	unreviewed_link_not_product
3579	2024-04-28 09:00:00	2	вот таким	https://exler.es/aliexpress/delimsya-nahodkami-iz-kitajskih-magazinov-175.htm	https://alli.pub/6y1gtd	unreviewed_link_not_product
3579	2024-04-28 09:00:00	2	вот такой вариант вакууматора	https://exler.es/aliexpress/delimsya-nahodkami-iz-kitajskih-magazinov-175.htm	https://alli.pub/6y1gxg	unreviewed_link_not_product
3579	2024-04-28 09:00:00	3	"""3 в 1"" от Baseus"	https://exler.es/aliexpress/delimsya-nahodkami-iz-kitajskih-magazinov-175.htm	https://alli.pub/6y1h3h	unreviewed_link_not_product
3579	2024-04-28 09:00:00	4	кожаные тапки разных расцветок	https://exler.es/aliexpress/delimsya-nahodkami-iz-kitajskih-magazinov-175.htm	https://alli.pub/6y1hho	unreviewed_link_not_product
3579	2024-04-28 09:00:00	5	эту штуку для белого вина	https://exler.es/aliexpress/delimsya-nahodkami-iz-kitajskih-magazinov-175.htm	https://alli.pub/6y1hoh	unreviewed_link_not_product
3579	2024-04-28 09:00:00	6	Щетка для быстрого и эффективного удаления шерсти	https://exler.es/aliexpress/delimsya-nahodkami-iz-kitajskih-magazinov-175.htm	https://alli.pub/6y1hsd	unreviewed_link_not_product
3579	2024-04-28 09:00:00	6	щетка-вычесывалка	https://exler.es/aliexpress/delimsya-nahodkami-iz-kitajskih-magazinov-175.htm	https://alli.pub/6y1hx8	unreviewed_link_not_product
3579	2024-04-28 09:00:00	7	складные емкости для воды	https://exler.es/aliexpress/delimsya-nahodkami-iz-kitajskih-magazinov-175.htm	https://alli.pub/6y1hye	unreviewed_link_not_product
3579	2024-04-28 09:00:00	8	LED-подсветка	https://exler.es/aliexpress/delimsya-nahodkami-iz-kitajskih-magazinov-175.htm	https://alli.pub/6y1i3n	unreviewed_link_not_product
3621	2024-04-21 14:44:00	0	модели 510BT и 520BT	https://exler.es/aliexpress/delimsya-nahodkami-iz-kitajskih-magazinov-174.htm	https://alli.pub/6xw2qe	unreviewed_link_not_product
3621	2024-04-21 14:44:00	1	этого дешевого устройства	https://exler.es/aliexpress/delimsya-nahodkami-iz-kitajskih-magazinov-174.htm	https://alli.pub/6xw338	unreviewed_link_not_product
3621	2024-04-21 14:44:00	2	Складной электрический чайник	https://exler.es/aliexpress/delimsya-nahodkami-iz-kitajskih-magazinov-174.htm	https://alli.pub/6xw374	unreviewed_link_not_product
3621	2024-04-21 14:44:00	3	вот такие варианты расцветок	https://exler.es/aliexpress/delimsya-nahodkami-iz-kitajskih-magazinov-174.htm	https://alli.pub/6xw3hf	unreviewed_link_not_product
3621	2024-04-21 14:44:00	3	чехлы с картинами Ван Гога	https://exler.es/aliexpress/delimsya-nahodkami-iz-kitajskih-magazinov-174.htm	https://alli.pub/6xw3o8	unreviewed_link_not_product
3621	2024-04-21 14:44:00	4	Шафл-машинка	https://exler.es/aliexpress/delimsya-nahodkami-iz-kitajskih-magazinov-174.htm	https://alli.pub/6xw3t3	unreviewed_link_not_product
3621	2024-04-21 14:44:00	5	мини-руки для пальцев	https://exler.es/aliexpress/delimsya-nahodkami-iz-kitajskih-magazinov-174.htm	https://alli.pub/6xw3yj	unreviewed_link_not_product
3621	2024-04-21 14:44:00	6	проливные заварочные чайники Kamjovе	https://exler.es/aliexpress/delimsya-nahodkami-iz-kitajskih-magazinov-174.htm	https://alli.pub/6xw455	unreviewed_link_not_product
3621	2024-04-21 14:44:00	6	проливной чайник в японском стиле	https://exler.es/aliexpress/delimsya-nahodkami-iz-kitajskih-magazinov-174.htm	https://alli.pub/6xw48n	unreviewed_link_not_product
3621	2024-04-21 14:44:00	7	Комплект вилок-шампуров для мангала	https://exler.es/aliexpress/delimsya-nahodkami-iz-kitajskih-magazinov-174.htm	https://alli.pub/6xw4os	unreviewed_link_not_product
3621	2024-04-21 14:44:00	8	переходники с Type-C под проводные наушники от Ugreeen	https://exler.es/aliexpress/delimsya-nahodkami-iz-kitajskih-magazinov-174.htm	https://alli.pub/6xw50g	unreviewed_link_not_product
3647	2024-04-14 09:00:00	0	здесь вы найдете целые комплекты из 6 таких чашек	https://exler.es/aliexpress/delimsya-nahodkami-iz-kitajskih-magazinov-173.htm	https://alli.pub/6xo5qj	unreviewed_link_not_product
3647	2024-04-14 09:00:00	1	электронный таймер от Baseus	https://exler.es/aliexpress/delimsya-nahodkami-iz-kitajskih-magazinov-173.htm	https://alli.pub/6xo690	unreviewed_link_not_product
3647	2024-04-14 09:00:00	2	кухонное устройство	https://exler.es/aliexpress/delimsya-nahodkami-iz-kitajskih-magazinov-173.htm	https://alli.pub/6xo5v7	unreviewed_link_not_product
3647	2024-04-14 09:00:00	3	деревянная чашка	https://exler.es/aliexpress/delimsya-nahodkami-iz-kitajskih-magazinov-173.htm	https://alli.pub/6xo5xq	unreviewed_link_not_product
3647	2024-04-14 09:00:00	3	подходящий по цвету вариант	https://exler.es/aliexpress/delimsya-nahodkami-iz-kitajskih-magazinov-173.htm	https://alli.pub/6xo62l	unreviewed_link_not_product
3647	2024-04-14 09:00:00	4	Стильная мужская сумка	https://exler.es/aliexpress/delimsya-nahodkami-iz-kitajskih-magazinov-173.htm	https://alli.pub/6xo72d	unreviewed_link_not_product
3647	2024-04-14 09:00:00	5	Настенные держатели	https://exler.es/aliexpress/delimsya-nahodkami-iz-kitajskih-magazinov-173.htm	https://alli.pub/6xo7e1	unreviewed_link_not_product
3647	2024-04-14 09:00:00	6	алюминиевая подставка для смартфона и планшета	https://exler.es/aliexpress/delimsya-nahodkami-iz-kitajskih-magazinov-173.htm	https://alli.pub/6xo7o5	unreviewed_link_not_product
3647	2024-04-14 09:00:00	7	Хлопковые рубашки интересного фасона	https://exler.es/aliexpress/delimsya-nahodkami-iz-kitajskih-magazinov-173.htm	https://alli.pub/6xo80e	unreviewed_link_not_product
3647	2024-04-14 09:00:00	8	не слишком отличающийся вариант	https://exler.es/aliexpress/delimsya-nahodkami-iz-kitajskih-magazinov-173.htm	https://alli.pub/6xo88k	unreviewed_link_not_product
3647	2024-04-14 09:00:00	9	похожую модель	https://exler.es/aliexpress/delimsya-nahodkami-iz-kitajskih-magazinov-173.htm	https://alli.pub/6xo93o	unreviewed_link_not_product
3703	2024-03-31 09:00:00	0	Laimeng 6621	https://exler.es/aliexpress/delimsya-nahodkami-iz-kitajskih-magazinov-172.htm	https://alli.pub/6xcjf0	unreviewed_link_not_product
3703	2024-03-31 09:00:00	0	пакеты SEATAO	https://exler.es/aliexpress/delimsya-nahodkami-iz-kitajskih-magazinov-172.htm	https://alli.pub/6xcjgd	unreviewed_link_not_product
3703	2024-03-31 09:00:00	0	SEATAO VM1000	https://exler.es/aliexpress/delimsya-nahodkami-iz-kitajskih-magazinov-172.htm	https://alli.pub/6xcjj3	unreviewed_link_not_product
3703	2024-03-31 09:00:00	0	Seatao VH5188 стоит аж €169	https://exler.es/aliexpress/delimsya-nahodkami-iz-kitajskih-magazinov-172.htm	https://alli.pub/6xcjm0	unreviewed_link_not_product
3703	2024-03-31 09:00:00	1	"Недорогой мультитул ""14 в 1"""	https://exler.es/aliexpress/delimsya-nahodkami-iz-kitajskih-magazinov-172.htm	https://alli.pub/6xcgzb	unreviewed_link_not_product
3703	2024-03-31 09:00:00	2	Собор Парижской Богоматери	https://exler.es/aliexpress/delimsya-nahodkami-iz-kitajskih-magazinov-172.htm	https://alli.pub/6xch3e	unreviewed_link_not_product
3703	2024-03-31 09:00:00	3	хороший выбор разнообразных и разноцветных реверсивных зонтов	https://exler.es/aliexpress/delimsya-nahodkami-iz-kitajskih-magazinov-172.htm	https://alli.pub/6xchb6	unreviewed_link_not_product
3703	2024-03-31 09:00:00	3	более компактный складной вариант	https://exler.es/aliexpress/delimsya-nahodkami-iz-kitajskih-magazinov-172.htm	https://alli.pub/6xchcj	unreviewed_link_not_product
3703	2024-03-31 09:00:00	4	крючки с креплением на липучке	https://exler.es/aliexpress/delimsya-nahodkami-iz-kitajskih-magazinov-172.htm	https://alli.pub/6xchxq	unreviewed_link_not_product
3703	2024-03-31 09:00:00	5	Philips TAH4205	https://exler.es/aliexpress/delimsya-nahodkami-iz-kitajskih-magazinov-172.htm	https://alli.pub/6xci36	unreviewed_link_not_product
3703	2024-03-31 09:00:00	6	Эластичные шнурки с удобным магнитным креплением	https://exler.es/aliexpress/delimsya-nahodkami-iz-kitajskih-magazinov-172.htm	https://alli.pub/6xci7n	unreviewed_link_not_product
3703	2024-03-31 09:00:00	7	автомобильный держатель для смартфона	https://exler.es/aliexpress/delimsya-nahodkami-iz-kitajskih-magazinov-172.htm	https://alli.pub/6xcipq	unreviewed_link_not_product
3703	2024-03-31 09:00:00	8	SUBORT S2 Sonic	https://exler.es/aliexpress/delimsya-nahodkami-iz-kitajskih-magazinov-172.htm	https://alli.pub/6xciv6	unreviewed_link_not_product
3734	2024-03-24 09:45:00	1	GaN адаптер питания Toocki на 5 портов	https://exler.es/aliexpress/delimsya-nahodkami-iz-kitajskih-magazinov-171.htm	https://alli.pub/6x68k5	unreviewed_link_not_product
3734	2024-03-24 09:45:00	2	двойной фонарик на шею	https://exler.es/aliexpress/delimsya-nahodkami-iz-kitajskih-magazinov-171.htm	https://alli.pub/6x5s5m	unreviewed_link_not_product
3734	2024-03-24 09:45:00	3	чайник-термос для автомобиля	https://exler.es/aliexpress/delimsya-nahodkami-iz-kitajskih-magazinov-171.htm	https://alli.pub/6x5sc1	unreviewed_link_not_product
3734	2024-03-24 09:45:00	4	двух- и трехслойные силиконовые беруши	https://exler.es/aliexpress/delimsya-nahodkami-iz-kitajskih-magazinov-171.htm	https://alli.pub/6x5t1i	unreviewed_link_not_product
3734	2024-03-24 09:45:00	5	Саморасчесывалка	https://exler.es/aliexpress/delimsya-nahodkami-iz-kitajskih-magazinov-171.htm	https://alli.pub/6x5rwo	unreviewed_link_not_product
3734	2024-03-24 09:45:00	6	Qin 3 Ultra	https://exler.es/aliexpress/delimsya-nahodkami-iz-kitajskih-magazinov-171.htm	https://alli.pub/6x652c	unreviewed_link_not_product
3734	2024-03-24 09:45:00	7	открытых полок для обуви	https://exler.es/aliexpress/delimsya-nahodkami-iz-kitajskih-magazinov-171.htm	https://alli.pub/6x65my	unreviewed_link_not_product
3734	2024-03-24 09:45:00	8	Вакуумная пробка	https://exler.es/aliexpress/delimsya-nahodkami-iz-kitajskih-magazinov-171.htm	https://alli.pub/6x66rs	unreviewed_link_not_product
3734	2024-03-24 09:45:00	8	вот такой набор	https://exler.es/aliexpress/delimsya-nahodkami-iz-kitajskih-magazinov-171.htm	https://alli.pub/6x672o	unreviewed_link_not_product
3734	2024-03-24 09:45:00	9	хороший выбор всяких USB-хабов	https://exler.es/aliexpress/delimsya-nahodkami-iz-kitajskih-magazinov-171.htm	https://alli.pub/6x68sb	unreviewed_link_not_product
3764	2024-03-17 09:00:00	0	топ бренды	https://exler.es/aliexpress/delimsya-nahodkami-iz-kitajskih-magazinov-170.htm	https://alli.pub/6wy71q	unreviewed_link_not_product
3764	2024-03-17 09:00:00	0	лучшие товары	https://exler.es/aliexpress/delimsya-nahodkami-iz-kitajskih-magazinov-170.htm	https://alli.pub/6wy74u	unreviewed_link_not_product
3764	2024-03-17 09:00:00	1	Удобные держатели смартфонов	https://exler.es/aliexpress/delimsya-nahodkami-iz-kitajskih-magazinov-170.htm	https://alii.pub/6wzfbz	unreviewed_link_not_product
3764	2024-03-17 09:00:00	2	вот такой	https://exler.es/aliexpress/delimsya-nahodkami-iz-kitajskih-magazinov-170.htm	https://alli.pub/6wz3i5	unreviewed_link_not_product
3764	2024-03-17 09:00:00	3	"универсальный вариант зарядного кабеля ""3 в 1"""	https://exler.es/aliexpress/delimsya-nahodkami-iz-kitajskih-magazinov-170.htm	https://alli.pub/6wzclz	unreviewed_link_not_product
3764	2024-03-17 09:00:00	4	вот такой защитой	https://exler.es/aliexpress/delimsya-nahodkami-iz-kitajskih-magazinov-170.htm	https://alli.pub/6wz46g	unreviewed_link_not_product
3764	2024-03-17 09:00:00	5	Lenovo GM2 Pro	https://exler.es/aliexpress/delimsya-nahodkami-iz-kitajskih-magazinov-170.htm	https://alli.pub/6wz5io	unreviewed_link_not_product
3764	2024-03-17 09:00:00	6	"мультитул NextTool ""12 в 1"""	https://exler.es/aliexpress/delimsya-nahodkami-iz-kitajskih-magazinov-170.htm	https://alli.pub/6wz5mk	unreviewed_link_not_product
3764	2024-03-17 09:00:00	7	роутер Xiaomi BE3600	https://exler.es/aliexpress/delimsya-nahodkami-iz-kitajskih-magazinov-170.htm	https://alli.pub/6wz615	unreviewed_link_not_product
3764	2024-03-17 09:00:00	8	Xiaomi Mijia Luke Sunglass	https://exler.es/aliexpress/delimsya-nahodkami-iz-kitajskih-magazinov-170.htm	https://alli.pub/6wz66s	unreviewed_link_not_product
3764	2024-03-17 09:00:00	8	держатель для очков	https://exler.es/aliexpress/delimsya-nahodkami-iz-kitajskih-magazinov-170.htm	https://alli.pub/6wz6c8	unreviewed_link_not_product
3764	2024-03-17 09:00:00	9	ручка-спиннер	https://exler.es/aliexpress/delimsya-nahodkami-iz-kitajskih-magazinov-170.htm	https://alli.pub/6wzcs0	unreviewed_link_not_product
3764	2024-03-17 09:00:00	10	сумка-слинг Mark Ryden	https://exler.es/aliexpress/delimsya-nahodkami-iz-kitajskih-magazinov-170.htm	https://alii.pub/6wzffv	unreviewed_link_not_product
3801	2024-03-10 09:00:00	0	QCY T20	https://exler.es/aliexpress/delimsya-nahodkami-iz-kitajskih-magazinov-169.htm	https://alli.pub/6wt83l	unreviewed_link_not_product
3801	2024-03-10 09:00:00	1	конструкторов различных всемирно известных строений или красивых мест	https://exler.es/aliexpress/delimsya-nahodkami-iz-kitajskih-magazinov-169.htm	https://alli.pub/6wssqe	unreviewed_link_not_product
3801	2024-03-10 09:00:00	2	стильное хранилище для пластиковых карт	https://exler.es/aliexpress/delimsya-nahodkami-iz-kitajskih-magazinov-169.htm	https://alli.pub/6wt3bp	unreviewed_link_not_product
3801	2024-03-10 09:00:00	3	универсальный кабель Type-C с переходником под USB-A	https://exler.es/aliexpress/delimsya-nahodkami-iz-kitajskih-magazinov-169.htm	https://alli.pub/6wt3i4	unreviewed_link_not_product
3801	2024-03-10 09:00:00	4	удобные дождевики с капюшоном	https://exler.es/aliexpress/delimsya-nahodkami-iz-kitajskih-magazinov-169.htm	https://alli.pub/6wt41d	unreviewed_link_not_product
3801	2024-03-10 09:00:00	5	мышки от Ugreen	https://exler.es/aliexpress/delimsya-nahodkami-iz-kitajskih-magazinov-169.htm	https://alli.pub/6wt468	unreviewed_link_not_product
3801	2024-03-10 09:00:00	5	вот такие универсальные мышки	https://exler.es/aliexpress/delimsya-nahodkami-iz-kitajskih-magazinov-169.htm	https://alli.pub/6r8tvj	unreviewed_link_not_product
3801	2024-03-10 09:00:00	6	вот такой адаптер Bluetooth	https://exler.es/aliexpress/delimsya-nahodkami-iz-kitajskih-magazinov-169.htm	https://alli.pub/6wt4gx	unreviewed_link_not_product
3801	2024-03-10 09:00:00	7	3D маски для сна	https://exler.es/aliexpress/delimsya-nahodkami-iz-kitajskih-magazinov-169.htm	https://alli.pub/6wt4ty	unreviewed_link_not_product
3801	2024-03-10 09:00:00	8	специальный чехол	https://exler.es/aliexpress/delimsya-nahodkami-iz-kitajskih-magazinov-169.htm	https://alli.pub/6wt7p0	unreviewed_link_not_product
3801	2024-03-10 09:00:00	9	светодиодный фонарик размером с флешку	https://exler.es/aliexpress/delimsya-nahodkami-iz-kitajskih-magazinov-169.htm	https://alli.pub/6wtamz	unreviewed_link_not_product
3844	2024-03-03 09:00:00	0	Baseus AirGo AS01	https://exler.es/aliexpress/delimsya-nahodkami-iz-kitajskih-magazinov-168.htm	https://alli.pub/6wmiuc	unreviewed_link_not_product
3844	2024-03-03 09:00:00	1	Удобные удлинители	https://exler.es/aliexpress/delimsya-nahodkami-iz-kitajskih-magazinov-168.htm	https://alli.pub/6wmhz8	unreviewed_link_not_product
3844	2024-03-03 09:00:00	2	датчик углекислого газа в помещении	https://exler.es/aliexpress/delimsya-nahodkami-iz-kitajskih-magazinov-168.htm	https://alli.pub/6wm5a3	unreviewed_link_not_product
3844	2024-03-03 09:00:00	3	Три вида ушных затычек от компании Yopin	https://exler.es/aliexpress/delimsya-nahodkami-iz-kitajskih-magazinov-168.htm	https://alli.pub/6wm6lq	unreviewed_link_not_product
3844	2024-03-03 09:00:00	4	DDPAI Mola N3 Pro	https://exler.es/aliexpress/delimsya-nahodkami-iz-kitajskih-magazinov-168.htm	https://alli.pub/6wmiai	unreviewed_link_not_product
3844	2024-03-03 09:00:00	5	дешевые и качественные удлинители	https://exler.es/aliexpress/delimsya-nahodkami-iz-kitajskih-magazinov-168.htm	https://alli.pub/6wmils	unreviewed_link_not_product
3844	2024-03-03 09:00:00	6	внешний аккумулятор Baseus на 20000 мАч	https://exler.es/aliexpress/delimsya-nahodkami-iz-kitajskih-magazinov-168.htm	https://alli.pub/6wmj6l	unreviewed_link_not_product
3844	2024-03-03 09:00:00	7	мини-аккумулятор WST	https://exler.es/aliexpress/delimsya-nahodkami-iz-kitajskih-magazinov-168.htm	https://alli.pub/6wmrvn	unreviewed_link_not_product
3844	2024-03-03 09:00:00	8	свой вариант такого трекера	https://exler.es/aliexpress/delimsya-nahodkami-iz-kitajskih-magazinov-168.htm	https://alli.pub/6wmkq0	unreviewed_link_not_product
3844	2024-03-03 09:00:00	9	новый вариант	https://exler.es/aliexpress/delimsya-nahodkami-iz-kitajskih-magazinov-168.htm	https://alli.pub/6wml3m	unreviewed_link_not_product
3886	2024-02-25 09:00:00	0	деревянный дракон	https://exler.es/aliexpress/delimsya-nahodkami-iz-kitajskih-magazinov-167.htm	https://alli.pub/6wfjbu	unreviewed_link_not_product
3886	2024-02-25 09:00:00	1	Realme C67	https://exler.es/aliexpress/delimsya-nahodkami-iz-kitajskih-magazinov-167.htm	https://alli.pub/6wfgci	unreviewed_link_not_product
3886	2024-02-25 09:00:00	2	алко-тестер от Baseus	https://exler.es/aliexpress/delimsya-nahodkami-iz-kitajskih-magazinov-167.htm	https://alli.pub/6wfh4b	unreviewed_link_not_product
3886	2024-02-25 09:00:00	3	вот такие забавные варианты	https://exler.es/aliexpress/delimsya-nahodkami-iz-kitajskih-magazinov-167.htm	https://alli.pub/6wffut	unreviewed_link_not_product
3886	2024-02-25 09:00:00	4	брелок-аккумулятор на 1500 мАч	https://exler.es/aliexpress/delimsya-nahodkami-iz-kitajskih-magazinov-167.htm	https://alli.pub/6wfhuk	unreviewed_link_not_product
3886	2024-02-25 09:00:00	5	игрушки-змейки для кошаков	https://exler.es/aliexpress/delimsya-nahodkami-iz-kitajskih-magazinov-167.htm	https://alli.pub/6wfgq4	unreviewed_link_not_product
3886	2024-02-25 09:00:00	6	массажер для головы	https://exler.es/aliexpress/delimsya-nahodkami-iz-kitajskih-magazinov-167.htm	https://alli.pub/6wfhca	unreviewed_link_not_product
3886	2024-02-25 09:00:00	7	веселых металлических табличек	https://exler.es/aliexpress/delimsya-nahodkami-iz-kitajskih-magazinov-167.htm	https://alli.pub/6wfhfs	unreviewed_link_not_product
3886	2024-02-25 09:00:00	8	хрустальная черепаха	https://exler.es/aliexpress/delimsya-nahodkami-iz-kitajskih-magazinov-167.htm	https://alli.pub/6wfiel	unreviewed_link_not_product
3886	2024-02-25 09:00:00	9	Лампа с магнитным креплением на монитор	https://exler.es/aliexpress/delimsya-nahodkami-iz-kitajskih-magazinov-167.htm	https://alli.pub/6wfivp	unreviewed_link_not_product
3935	2024-02-18 09:00:00	0	HOCO EQ4	https://exler.es/aliexpress/delimsya-nahodkami-iz-kitajskih-magazinov-166.htm	https://alli.pub/6w93vw	unreviewed_link_not_product
3935	2024-02-18 09:00:00	1	коврик для мыши	https://exler.es/aliexpress/delimsya-nahodkami-iz-kitajskih-magazinov-166.htm	https://alli.pub/6w93el	unreviewed_link_not_product
3935	2024-02-18 09:00:00	2	кружка для кофе или чая	https://exler.es/aliexpress/delimsya-nahodkami-iz-kitajskih-magazinov-166.htm	https://alli.pub/6w8id1	unreviewed_link_not_product
3935	2024-02-18 09:00:00	2	совершенно черная кружка	https://exler.es/aliexpress/delimsya-nahodkami-iz-kitajskih-magazinov-166.htm	https://alli.pub/6w8iss	unreviewed_link_not_product
3935	2024-02-18 09:00:00	3	стальные термосы	https://exler.es/aliexpress/delimsya-nahodkami-iz-kitajskih-magazinov-166.htm	https://alli.pub/6w8ihp	unreviewed_link_not_product
3935	2024-02-18 09:00:00	4	левитирующая Луна	https://exler.es/aliexpress/delimsya-nahodkami-iz-kitajskih-magazinov-166.htm	https://alli.pub/6w92zm	unreviewed_link_not_product
3935	2024-02-18 09:00:00	5	флагманский корабль Черной Бороды	https://exler.es/aliexpress/delimsya-nahodkami-iz-kitajskih-magazinov-166.htm	https://alli.pub/6w934a	unreviewed_link_not_product
3935	2024-02-18 09:00:00	6	копилка для банкнот и монет в виде инкассаторского автомобиля	https://exler.es/aliexpress/delimsya-nahodkami-iz-kitajskih-magazinov-166.htm	https://alli.pub/6w93bo	unreviewed_link_not_product
3935	2024-02-18 09:00:00	7	зонт в виде самурайского меча	https://exler.es/aliexpress/delimsya-nahodkami-iz-kitajskih-magazinov-166.htm	https://alli.pub/6w93nj	unreviewed_link_not_product
3935	2024-02-18 09:00:00	8	вазы для цветов в китайском стиле	https://exler.es/aliexpress/delimsya-nahodkami-iz-kitajskih-magazinov-166.htm	https://alli.pub/6w9820	unreviewed_link_not_product
3935	2024-02-18 09:00:00	8	эти вазы в китайском стиле	https://exler.es/aliexpress/delimsya-nahodkami-iz-kitajskih-magazinov-166.htm	https://alli.pub/6w985w	unreviewed_link_not_product
3973	2024-02-11 09:00:00	0	вот такой интересный вариант	https://exler.es/aliexpress/delimsya-nahodkami-iz-kitajskih-magazinov-165.htm	https://alli.pub/6w2n1s	unreviewed_link_not_product
3973	2024-02-11 09:00:00	0	проливным чайником вот такого типа	https://exler.es/aliexpress/delimsya-nahodkami-iz-kitajskih-magazinov-165.htm	https://alli.pub/6w32qn	unreviewed_link_not_product
3973	2024-02-11 09:00:00	1	Магнитная лента 3М с клейкой основой	https://exler.es/aliexpress/delimsya-nahodkami-iz-kitajskih-magazinov-165.htm	https://alli.pub/6w2n96	unreviewed_link_not_product
3973	2024-02-11 09:00:00	2	Стальные пятислойные емкие термосы Feijian	https://exler.es/aliexpress/delimsya-nahodkami-iz-kitajskih-magazinov-165.htm	https://alli.pub/6w2nkg	unreviewed_link_not_product
3973	2024-02-11 09:00:00	3	сумки на пояс	https://exler.es/aliexpress/delimsya-nahodkami-iz-kitajskih-magazinov-165.htm	https://alli.pub/6w2ntz	unreviewed_link_not_product
3973	2024-02-11 09:00:00	4	керамические кружки в скандинавском ретро-стиле	https://exler.es/aliexpress/delimsya-nahodkami-iz-kitajskih-magazinov-165.htm	https://alli.pub/6w2oba	unreviewed_link_not_product
3973	2024-02-11 09:00:00	5	Кроватка-подвеска	https://exler.es/aliexpress/delimsya-nahodkami-iz-kitajskih-magazinov-165.htm	https://alli.pub/6w2ogq	unreviewed_link_not_product
3973	2024-02-11 09:00:00	5	вот такого кресла	https://exler.es/aliexpress/delimsya-nahodkami-iz-kitajskih-magazinov-165.htm	https://alli.pub/6w32e0	unreviewed_link_not_product
3973	2024-02-11 09:00:00	6	светильник-ночничок с датчиком движения	https://exler.es/aliexpress/delimsya-nahodkami-iz-kitajskih-magazinov-165.htm	https://alli.pub/6w2ols	unreviewed_link_not_product
3973	2024-02-11 09:00:00	7	вот такое удобное устройство	https://exler.es/aliexpress/delimsya-nahodkami-iz-kitajskih-magazinov-165.htm	https://alli.pub/6w2ot6	unreviewed_link_not_product
3973	2024-02-11 09:00:00	8	разноцветные держатели	https://exler.es/aliexpress/delimsya-nahodkami-iz-kitajskih-magazinov-165.htm	https://alli.pub/6w32ih	unreviewed_link_not_product
3973	2024-02-11 09:00:00	8	держатели, которые мне очень нравится	https://exler.es/aliexpress/delimsya-nahodkami-iz-kitajskih-magazinov-165.htm	https://alli.pub/6w32ll	unreviewed_link_not_product
4011	2024-02-04 09:00:00	0	фирменном магазине на Ali	https://exler.es/aliexpress/delimsya-nahodkami-iz-kitajskih-magazinov-164.htm	https://alli.pub/6vvxau	unreviewed_link_not_product
4011	2024-02-04 09:00:00	0	Sinocare Safe AQ Pro I	https://exler.es/aliexpress/delimsya-nahodkami-iz-kitajskih-magazinov-164.htm	https://alli.pub/6vvxc7	unreviewed_link_not_product
4011	2024-02-04 09:00:00	1	вот такой кабель	https://exler.es/aliexpress/delimsya-nahodkami-iz-kitajskih-magazinov-164.htm	https://alli.pub/6vvxy6	unreviewed_link_not_product
4011	2024-02-04 09:00:00	2	специальный резиновый коврик	https://exler.es/aliexpress/delimsya-nahodkami-iz-kitajskih-magazinov-164.htm	https://alli.pub/6vvy38	unreviewed_link_not_product
4011	2024-02-04 09:00:00	3	металлическая подставка	https://exler.es/aliexpress/delimsya-nahodkami-iz-kitajskih-magazinov-164.htm	https://alli.pub/6vvyg2	unreviewed_link_not_product
4011	2024-02-04 09:00:00	4	вот такой вариант	https://exler.es/aliexpress/delimsya-nahodkami-iz-kitajskih-magazinov-164.htm	https://alli.pub/6vvyr5	unreviewed_link_not_product
4011	2024-02-04 09:00:00	5	Мужская кожаная сумка на плечо	https://exler.es/aliexpress/delimsya-nahodkami-iz-kitajskih-magazinov-164.htm	https://alli.pub/6vvyw0	unreviewed_link_not_product
4011	2024-02-04 09:00:00	6	кварцевые часы	https://exler.es/aliexpress/delimsya-nahodkami-iz-kitajskih-magazinov-164.htm	https://alli.pub/6vvz2f	unreviewed_link_not_product
4011	2024-02-04 09:00:00	7	фотохромные (хамелеоны) и поляризационные (антиблик) очки	https://exler.es/aliexpress/delimsya-nahodkami-iz-kitajskih-magazinov-164.htm	https://alli.pub/6vvzn1	unreviewed_link_not_product
4011	2024-02-04 09:00:00	8	титановый свисток	https://exler.es/aliexpress/delimsya-nahodkami-iz-kitajskih-magazinov-164.htm	https://alli.pub/6vw25u	unreviewed_link_not_product
4011	2024-02-04 09:00:00	9	вебкамера для ПК	https://exler.es/aliexpress/delimsya-nahodkami-iz-kitajskih-magazinov-164.htm	https://alli.pub/6vw8n6	unreviewed_link_not_product
4048	2024-01-28 09:00:00	0	дистанционного термометра	https://exler.es/aliexpress/delimsya-nahodkami-iz-kitajskih-magazinov-163.htm	https://alli.pub/6vnudv	unreviewed_link_not_product
4048	2024-01-28 09:00:00	1	вот такой контейнер	https://exler.es/aliexpress/delimsya-nahodkami-iz-kitajskih-magazinov-163.htm	https://alli.pub/6vnuka	unreviewed_link_not_product
4048	2024-01-28 09:00:00	1	вот такой контейнер	https://exler.es/aliexpress/delimsya-nahodkami-iz-kitajskih-magazinov-163.htm	https://alli.pub/6vnuqw	unreviewed_link_not_product
4048	2024-01-28 09:00:00	2	"""Постоянство памяти"""	https://exler.es/aliexpress/delimsya-nahodkami-iz-kitajskih-magazinov-163.htm	https://alli.pub/6vnuz2	unreviewed_link_not_product
4048	2024-01-28 09:00:00	3	полотенцах из микрофибры	https://exler.es/aliexpress/delimsya-nahodkami-iz-kitajskih-magazinov-163.htm	https://alli.pub/6vnvtz	unreviewed_link_not_product
4048	2024-01-28 09:00:00	3	вот такие прямоугольные	https://exler.es/aliexpress/delimsya-nahodkami-iz-kitajskih-magazinov-163.htm	https://alli.pub/6vnw3w	unreviewed_link_not_product
4048	2024-01-28 09:00:00	4	копеечное устройство	https://exler.es/aliexpress/delimsya-nahodkami-iz-kitajskih-magazinov-163.htm	https://alli.pub/6vnwdm	unreviewed_link_not_product
4048	2024-01-28 09:00:00	5	RISAMSHA Kitchen Knife Sharpener Professional	https://exler.es/aliexpress/delimsya-nahodkami-iz-kitajskih-magazinov-163.htm	https://alli.pub/6vo4zr	unreviewed_link_not_product
4048	2024-01-28 09:00:00	6	липкие ленты с резиновыми фиксаторами	https://exler.es/aliexpress/delimsya-nahodkami-iz-kitajskih-magazinov-163.htm	https://alli.pub/6vobaa	unreviewed_link_not_product
4048	2024-01-28 09:00:00	7	Автоматический шейкер с аккумулятором	https://exler.es/aliexpress/delimsya-nahodkami-iz-kitajskih-magazinov-163.htm	https://alli.pub/6vober	unreviewed_link_not_product
4048	2024-01-28 09:00:00	8	две клавиши Copy и Paste	https://exler.es/aliexpress/delimsya-nahodkami-iz-kitajskih-magazinov-163.htm	https://alli.pub/6voc66	unreviewed_link_not_product
4048	2024-01-28 09:00:00	8	программируемая 12-клавишная клавиатура с двумя вращающимися ручками	https://exler.es/aliexpress/delimsya-nahodkami-iz-kitajskih-magazinov-163.htm	https://alli.pub/6vocif	unreviewed_link_not_product
4048	2024-01-28 09:00:00	9	алкотестер Xiaomi Lydsto	https://exler.es/aliexpress/delimsya-nahodkami-iz-kitajskih-magazinov-163.htm	https://alli.pub/6vodo8	unreviewed_link_not_product
4083	2024-01-21 09:00:00	0	SSD M.2 NVMe на 256, 512 и 1024 ГБ	https://exler.es/aliexpress/delimsya-nahodkami-iz-kitajskih-magazinov-162.htm	https://alli.pub/6vh3r1	unreviewed_link_not_product
4083	2024-01-21 09:00:00	0	универсальный кейс	https://exler.es/aliexpress/delimsya-nahodkami-iz-kitajskih-magazinov-162.htm	https://alli.pub/6vh4bg	unreviewed_link_not_product
4083	2024-01-21 09:00:00	1	Mi Humidifier 2	https://exler.es/aliexpress/delimsya-nahodkami-iz-kitajskih-magazinov-162.htm	https://alli.pub/6vhg9y	unreviewed_link_not_product
4083	2024-01-21 09:00:00	2	силиконовые контейнеры	https://exler.es/aliexpress/delimsya-nahodkami-iz-kitajskih-magazinov-162.htm	https://alli.pub/6vh4xt	unreviewed_link_not_product
4083	2024-01-21 09:00:00	3	обновленную модель Amazfit GTR 2	https://exler.es/aliexpress/delimsya-nahodkami-iz-kitajskih-magazinov-162.htm	https://alli.pub/6vhfh6	unreviewed_link_not_product
4083	2024-01-21 09:00:00	3	€123	https://exler.es/aliexpress/delimsya-nahodkami-iz-kitajskih-magazinov-162.htm	https://www.amazon.es/New-Amazfit-GTR-Almacenamiento-incorporado/dp/B09XXJMX1D/ref=sr_1_7?__mk_es_ES=%C3%85M%C3%85%C5%BD%C3%95%C3%91&crid=3UCXIW9UDDB14&dib=eyJ2IjoiMSJ9.h3FW9r5PGI43_twwTEBsREiYqzvgqgobBvb-nmwqjiVeITYtZwZJ5krdIlI8_fV86mALvMTZK4p48W8f49JVQU0kbCldXWsgAkNd1b1waw0xMH-wIappAmXdrxLExOLdKpoECpE3IEfjPV9R9AX-O_6uD07PTzXpIYFGsyEVGVZ475FcYw9t1g27B9WpRof6L1LM8U0ujAETjYMIZguoeu3bbAN1ne91dZI5BHQd2yfowbF4ilkfS2fq1J6n9mlBwGHAO4cQ1cwfrijoaEm3Pv5TnHzEp-lVZstIKwZxSOI.UH4l0L5h4_zK-sME1d7rSZ_2GAc2UDNFT1T2_-LjYhQ&dib_tag=se&keywords=amazfit%2Bgts%2B2&qid=1705765044&sprefix=amazfit%2Bgtr%2B2%2Caps%2C162&sr=8-7&ufe=app_do%3Aamzn1.fos.1ae7f6d7-634b-4c16-83e8-b4ba4ed68eb7&th=1	unreviewed_link_not_product
4083	2024-01-21 09:00:00	4	специальную щетку	https://exler.es/aliexpress/delimsya-nahodkami-iz-kitajskih-magazinov-162.htm	https://alli.pub/6vh5rd	unreviewed_link_not_product
4083	2024-01-21 09:00:00	5	специальный электронный термометр	https://exler.es/aliexpress/delimsya-nahodkami-iz-kitajskih-magazinov-162.htm	https://alli.pub/6vh6am	unreviewed_link_not_product
4083	2024-01-21 09:00:00	6	вместительных сумок	https://exler.es/aliexpress/delimsya-nahodkami-iz-kitajskih-magazinov-162.htm	https://alli.pub/6vh6mh	unreviewed_link_not_product
4083	2024-01-21 09:00:00	7	органайзеры для багажника автомобиля	https://exler.es/aliexpress/delimsya-nahodkami-iz-kitajskih-magazinov-162.htm	https://alli.pub/6vh7eh	unreviewed_link_not_product
4083	2024-01-21 09:00:00	8	чайника от Xiaomi	https://exler.es/aliexpress/delimsya-nahodkami-iz-kitajskih-magazinov-162.htm	https://alli.pub/6vh8ko	unreviewed_link_not_product
4083	2024-01-21 09:00:00	9	специальная магнитная клипса на липучке	https://exler.es/aliexpress/delimsya-nahodkami-iz-kitajskih-magazinov-162.htm	https://alli.pub/6vhfo6	unreviewed_link_not_product
4166	2024-01-07 09:00:00	0	нашел то что нужно	https://exler.es/aliexpress/delimsya-nahodkami-iz-kitajskih-magazinov-161.htm	https://alli.pub/6v45h8	unreviewed_link_not_product
4166	2024-01-07 09:00:00	1	Xiaomi Mijia Air Pump 2	https://exler.es/aliexpress/delimsya-nahodkami-iz-kitajskih-magazinov-161.htm	https://alli.pub/6v47ln	unreviewed_link_not_product
4166	2024-01-07 09:00:00	2	вот такой ножик-брелок	https://exler.es/aliexpress/delimsya-nahodkami-iz-kitajskih-magazinov-161.htm	https://alli.pub/6v3nip	unreviewed_link_not_product
4166	2024-01-07 09:00:00	2	вот такой с карабинчиком	https://exler.es/aliexpress/delimsya-nahodkami-iz-kitajskih-magazinov-161.htm	https://alli.pub/6v3njv	unreviewed_link_not_product
4166	2024-01-07 09:00:00	3	городской рюкзак компании Tigernu	https://exler.es/aliexpress/delimsya-nahodkami-iz-kitajskih-magazinov-161.htm	https://alli.pub/6v3nqh	unreviewed_link_not_product
4166	2024-01-07 09:00:00	4	LED-свечек различных цветов	https://exler.es/aliexpress/delimsya-nahodkami-iz-kitajskih-magazinov-161.htm	https://alli.pub/6v3o25	unreviewed_link_not_product
4166	2024-01-07 09:00:00	4	вот дешевые комплекты по 6 и более штук	https://exler.es/aliexpress/delimsya-nahodkami-iz-kitajskih-magazinov-161.htm	https://alli.pub/6v3o7l	unreviewed_link_not_product
4166	2024-01-07 09:00:00	4	большие LED-свечки	https://exler.es/aliexpress/delimsya-nahodkami-iz-kitajskih-magazinov-161.htm	https://alli.pub/6v3oai	unreviewed_link_not_product
4166	2024-01-07 09:00:00	5	вот такую мини-флешку	https://exler.es/aliexpress/delimsya-nahodkami-iz-kitajskih-magazinov-161.htm	https://alli.pub/6v3oio	unreviewed_link_not_product
4166	2024-01-07 09:00:00	6	трехпортовый USB-хаб для ноутбуков	https://exler.es/aliexpress/delimsya-nahodkami-iz-kitajskih-magazinov-161.htm	https://alli.pub/6v3rl4	unreviewed_link_not_product
4166	2024-01-07 09:00:00	7	мужских хлопковых брюк-карго	https://exler.es/aliexpress/delimsya-nahodkami-iz-kitajskih-magazinov-161.htm	https://alli.pub/6v44cz	unreviewed_link_not_product
4166	2024-01-07 09:00:00	8	выбор тракторов	https://exler.es/aliexpress/delimsya-nahodkami-iz-kitajskih-magazinov-161.htm	https://alli.pub/6v44ua	unreviewed_link_not_product
4166	2024-01-07 09:00:00	9	прикольные статуэтки котов, приносящие счастье в каждый дом	https://exler.es/aliexpress/delimsya-nahodkami-iz-kitajskih-magazinov-161.htm	https://alli.pub/6v46rp	unreviewed_link_not_product
